grid,velocity,spread_rate,lambda,T,D,X_N2,X_AR,X_O,X_O2,X_H2,X_H,X_OH,X_H2O2,X_H2O,X_HO2,X_HCO,X_CH2,X_CO,X_CH2O,X_CO2,X_CH3,X_CH4,X_C2H4,X_CH3OH,X_C2H5,X_C2H6,X_CH3O,X_HOCHO,X_CH3O2,X_CH3O2H,X_C2H2,X_CH2CO,X_C3H4XA,X_C3H4XP,X_C3H5XA,X_C2H3,X_CH3CHO,X_C2H5O2,X_C3H3,X_C3H6,X_C2H3CHO,X_CH3COCH2,X_NXC3H7,X_C3H8,X_CH3COCH3,X_IXC3H7O2,X_NXC3H7O2,X_C4H6,X_C4H8X1,X_IXC4H7,X_IXC4H8,X_IXC3H5CHO,X_IXC3H6CO,X_IXC4H10,X_C4H10,X_IXC3H5CO,X_IXC4H7OH,X_IXC4H9O2,X_TXC4H9O2,X_PXC4H9O2,X_C5H9,X_IXC5H9,X_AXC5H10,X_C5H10X1,X_C6H11,X_C6H12X1,X_YXC7H14,X_NXC7H16,X_IXC8H18,X_CH,X_CH2GSG,X_CH2OH,X_HOCH2O,X_C2H,X_HCCO,X_CH2CHO,X_C2H5O,X_C2H3O1X2,X_CH3CO,X_C3H2,X_C3H5O,X_C3H5XT,X_IXC3H7,X_C2H3CO,X_CH2CCH2OH,X_C4H7,X_C4H7O,X_IXC4H7O,X_IXC4H9,X_PXC4H9,X_TXC4H9,X_TXC4H9O,X_IXC4H6OH,X_C4H8OOH1X3,X_IC4H8O2HXT,X_TC4H8O2HXI,X_NEOXC5H11,X_C5H11X1,X_C6H13X1,X_XXC7H13,X_XC7H13OXZ,X_C7H15X2,X_YXC7H15,X_CXC8H17,X_N,X_NH,X_NH2,X_NH3,X_NNH,X_NO,X_NO2,X_N2O,X_HNO,X_CN,X_HCN,X_H2CN,X_HCNN,X_HCNO,X_HOCN,X_HNCO,X_NCO,X_C
0,1.74341014,2.44912115e-20,-140677.897,300,4.64033092,1.63403431e-18,5.24392471e-18,2.52613769e-18,1.45728636e-19,-2.4600643e-15,4.3917063e-16,2.59231076e-24,2.7928117e-18,-4.86627669e-18,6.9929775e-18,4.85265393e-21,-1.30270144e-18,1.78499906e-18,-1.59102434e-17,1.43371703e-17,-2.84720209e-19,1.70639005e-19,5.33841721e-22,2.51669578e-22,2.48229942e-18,-4.16423084e-20,5.41915224e-19,-5.72763848e-19,-7.04035402e-19,-3.84030877e-21,1.05180985e-17,2.57512908e-19,-3.74219335e-20,-8.49195024e-22,1.60209914e-18,2.19090097e-17,-3.34188917e-21,-5.14834885e-28,3.68760922e-19,-3.76334792e-20,-3.14696225e-18,-1.33873503e-23,2.65547994e-23,-1.0201868e-25,1.55886275e-18,-2.77711455e-24,-1.40002654e-26,-1.02783693e-17,-1.91855427e-23,2.1835335e-21,1.42243077e-21,-1.83705844e-18,2.26109983e-25,1.50708239e-20,4.52338237e-25,-1.10458066e-25,-8.24217438e-18,5.33864674e-24,5.59583805e-26,-4.11194308e-27,-1.75202984e-26,-5.35251768e-24,9.37943557e-22,-1.30900707e-24,-1.0854652e-27,-2.53141826e-26,-8.44860989e-18,2.42950882e-18,1,-4.34645147e-16,-2.86850574e-28,-1.96283227e-23,-4.59321607e-40,-8.72800767e-18,-2.27866148e-20,-2.12897548e-19,1.09570697e-24,-2.93950684e-43,-1.65351938e-22,6.31873821e-18,-3.91742794e-20,-4.71287693e-23,-1.06902646e-18,-2.21185992e-26,-4.22918831e-23,8.47682381e-18,-1.22122574e-19,1.23209274e-22,1.10727929e-17,-1.23499326e-26,-6.39592233e-19,7.61992153e-29,-1.75610482e-21,-2.92432797e-38,-9.04106385e-26,1.15849134e-28,-1.35135379e-25,1.37811961e-26,-1.80009612e-27,2.79201117e-20,5.14729321e-30,-2.98605649e-25,-1.77976282e-22,1.4367832e-20,-1.02981045e-18,1.10593096e-18,2.94438042e-27,-2.48125687e-25,5.53624041e-46,1.22011378e-23,2.17831695e-22,1.23432748e-24,2.00605114e-23,2.2403196e-24,-2.6418682e-24,2.77495921e-25,-5.89099588e-22,3.81511663e-25,4.90308877e-28,2.96447229e-24,5.85805358e-30,-3.12728003e-24
0.000425531915,1.74026137,7.3996211,-140677.897,300,4.64033092,1.63403441e-18,5.24392595e-18,7.8141909e-21,1.21235361e-20,-2.46005718e-15,2.65605829e-22,1.92104578e-22,2.79281185e-18,-2.33439645e-18,6.99297732e-18,4.85263643e-21,-1.30306114e-18,1.78495466e-18,-1.60098669e-17,1.43371703e-17,-2.76441431e-19,1.62894397e-19,5.33849396e-22,5.18195038e-20,2.4822994e-18,-4.18064258e-20,3.22779404e-19,-5.72763833e-19,-4.36829255e-19,-3.84027603e-21,4.71176826e-16,2.57557474e-19,-9.3069864e-19,-8.49196227e-22,3.38865468e-18,2.19086706e-17,-3.68174557e-21,-5.0680024e-28,3.68760923e-19,-9.30910937e-19,-3.14730187e-18,-1.33873036e-23,2.65548355e-23,-1.02018004e-25,1.55886276e-18,-2.77708846e-24,-1.40002976e-26,-1.02783693e-17,-1.91829517e-23,2.1834845e-21,1.42246082e-21,-1.83705843e-18,2.28204443e-25,1.50708284e-20,4.52344968e-25,-1.10033102e-25,-8.24217437e-18,5.33857754e-24,5.60654946e-26,-4.11194471e-27,-1.74843146e-26,-5.3467695e-24,9.37953169e-22,-1.28934946e-24,-1.08546423e-27,-2.53304684e-26,-8.44860988e-18,2.42950882e-18,1,-4.34645141e-16,-2.74639623e-26,-1.95979117e-23,1.22857911e-38,-4.69333927e-16,-2.27866148e-20,-2.12897548e-19,1.14204225e-24,-6.04889952e-41,-1.65274661e-22,6.31873821e-18,-3.91752626e-20,-4.71286746e-23,-1.06902645e-18,-2.2105296e-26,-4.2290627e-23,8.47682381e-18,-1.21442855e-19,1.23264034e-22,1.10727929e-17,-1.23493423e-26,-6.39592535e-19,2.41329567e-26,-1.75608579e-21,-9.83654211e-36,-9.02402497e-26,1.15570036e-28,-1.35135195e-25,1.37812065e-26,-1.80009577e-27,2.79201139e-20,2.28856048e-27,-2.98605485e-25,-1.77710124e-22,6.15087159e-18,-1.0298101e-18,1.10593135e-18,2.94521153e-27,-2.48116275e-25,6.20283755e-44,1.22013116e-23,2.17832451e-22,1.23451115e-24,2.00605115e-23,2.24158052e-24,-2.64192043e-24,2.77480036e-25,-5.89097408e-22,3.81510815e-25,4.90308979e-28,2.96566284e-24,-1.15011888e-29,-3.04445629e-24
0.00085106383,1.73081504,14.7992422,-140677.897,300,4.64033092,1.63403452e-18,5.24392743e-18,2.38682198e-23,-1.22247999e-19,-2.46005731e-15,3.11497208e-29,6.05664604e-25,2.792812e-18,-2.32636674e-18,6.9929772e-18,4.8526185e-21,-1.30310422e-18,1.78491006e-18,-1.61100607e-17,1.43371703e-17,-2.15794316e-19,1.56839977e-19,5.3385723e-22,3.30496237e-20,2.4822994e-18,-6.91171636e-20,1.73017087e-19,-5.72763813e-19,-1.68093826e-19,-3.84022898e-21,4.7117977e-16,2.57602285e-19,-1.82812495e-18,-8.49201333e-22,5.18351004e-18,2.19083317e-17,-4.02155022e-21,-4.9828138e-28,3.68760924e-19,-1.82833841e-18,-3.14764133e-18,-1.33872344e-23,2.65548789e-23,-1.02017227e-25,1.55886278e-18,-2.77706081e-24,-1.40003316e-26,-1.02783693e-17,-1.91792844e-23,2.18344497e-21,1.42250343e-21,-1.83705841e-18,2.31562578e-25,1.5070835e-20,4.52367243e-25,-1.09365434e-25,-8.24217436e-18,5.33854309e-24,5.6191239e-26,-4.11194638e-27,-1.7427062e-26,-5.33764569e-24,9.37968698e-22,-1.26958068e-24,-1.08546259e-27,-2.53468171e-26,-8.44860986e-18,2.42950882e-18,1,-4.34645135e-16,-2.74651467e-26,-1.95595579e-23,-7.18367421e-40,-4.69336867e-16,-2.27866147e-20,-2.12897548e-19,1.18864794e-24,-6.43413746e-41,-1.65196615e-22,6.31873821e-18,-3.91762488e-20,-4.71285504e-23,-1.06902644e-18,-2.20867824e-26,-4.22893521e-23,8.4768238e-18,-1.20763242e-19,1.23319105e-22,1.10727929e-17,-1.23484596e-26,-6.39592834e-19,4.3839291e-26,-1.75606479e-21,-1.57805384e-35,-9.00692528e-26,1.15290096e-28,-1.35135008e-25,1.37812226e-26,-1.80009516e-27,2.79201208e-20,4.08592423e-27,-2.98605473e-25,-1.774429e-22,6.24500832e-18,-1.02980972e-18,1.10593178e-18,2.94612359e-27,-2.48105279e-25,6.20310617e-44,1.22014919e-23,2.17833385e-22,1.23474256e-24,2.00605115e-23,2.24305214e-24,-2.64197706e-24,2.77438378e-25,-5.89095215e-22,3.81509994e-25,4.90309108e-28,2.96716619e-24,-2.89052185e-29,-2.95380598e-24
0.00127659574,1.71507117,22.1988633,-140677.897,300,4.64033092,1.63403464e-18,5.24392893e-18,7.95517631e-26,-2.57891157e-19,-2.46005743e-15,-1.15500352e-31,1.85060233e-27,2.79281212e-18,-2.32633799e-18,6.99297711e-18,4.85260015e-21,-1.30314769e-18,1.78486504e-18,-1.62112017e-17,1.43371703e-17,-8.55059743e-20,1.5447748e-19,5.33865105e-22,-3.46470669e-20,2.48229939e-18,-1.32984855e-19,7.058531e-20,-5.72763793e-19,1.03180827e-19,-3.84017519e-21,4.71179784e-16,2.57647509e-19,-2.7330517e-18,-8.49216149e-22,6.99336672e-18,2.19079916e-17,-4.36254392e-21,-4.89239899e-28,3.68760926e-19,-2.73326678e-18,-3.14798197e-18,-1.33871637e-23,2.65549231e-23,-1.02016431e-25,1.55886281e-18,-2.77703151e-24,-1.40003672e-26,-1.02783693e-17,-1.91756312e-23,2.18340541e-21,1.42254692e-21,-1.83705839e-18,2.34998814e-25,1.50708417e-20,4.52414279e-25,-1.08682314e-25,-8.24217435e-18,5.33851029e-24,5.63364806e-26,-4.11194813e-27,-1.73684874e-26,-5.32831061e-24,9.37984593e-22,-1.24964594e-24,-1.08546092e-27,-2.53633001e-26,-8.44860985e-18,2.42950882e-18,1,-4.34645128e-16,-2.74660628e-26,-1.95205587e-23,-2.26605768e-38,-4.69336876e-16,-2.27866147e-20,-2.12897548e-19,1.23569172e-24,-6.45867299e-41,-1.65117939e-22,6.31873821e-18,-3.91772423e-20,-4.71284241e-23,-1.06902643e-18,-2.20679055e-26,-4.22880585e-23,8.47682379e-18,-1.20081256e-19,1.23374693e-22,1.10727929e-17,-1.23475579e-26,-6.39593136e-19,6.00130225e-26,-1.75604353e-21,-1.93832636e-35,-8.98970135e-26,1.15008107e-28,-1.35134818e-25,1.3781239e-26,-1.80009454e-27,2.79201278e-20,5.50572958e-27,-2.98605462e-25,-1.77173619e-22,6.27620712e-18,-1.02980934e-18,1.10593221e-18,2.94704692e-27,-2.48094124e-25,6.20312375e-44,1.22016741e-23,2.17834334e-22,1.23497786e-24,2.00605116e-23,2.244545e-24,-2.64204382e-24,2.77335813e-25,-5.89093002e-22,3.81509167e-25,4.90309239e-28,2.96869487e-24,-4.64447519e-29,-2.86204202e-24
0.00170212766,1.69302974,29.5984844,-140677.897,300,4.64033092,1.63403476e-18,5.24393045e-18,2.66524297e-28,-3.95339662e-19,-2.46005756e-15,-1.12906788e-27,2.26379769e-29,2.7928122e-18,-2.32633363e-18,6.99297709e-18,4.85258128e-21,-1.30319172e-18,1.78481943e-18,-1.63136875e-17,1.43371703e-17,1.62043983e-19,1.59279585e-19,5.33873007e-22,-1.37004156e-19,2.48229938e-18,-2.58964153e-19,5.49453322e-22,-5.72763772e-19,3.7806168e-19,-3.84011456e-21,4.71179786e-16,2.57693323e-19,-3.6490044e-18,-8.49247566e-22,8.82527578e-18,2.1907649e-17,-4.70600777e-21,-4.79627906e-28,3.68760927e-19,-3.64922161e-18,-3.14832508e-18,-1.33870922e-23,2.65549679e-23,-1.02015615e-25,1.55886284e-18,-2.77700043e-24,-1.40004045e-26,-1.02783693e-17,-1.91720798e-23,2.18336531e-21,1.42259097e-21,-1.83705837e-18,2.38479863e-25,1.50708485e-20,4.5249627e-25,-1.07990283e-25,-8.24217434e-18,5.33847774e-24,5.65024002e-26,-4.11194995e-27,-1.73091488e-26,-5.31885377e-24,9.38000705e-22,-1.2294683e-24,-1.08545922e-27,-2.53799814e-26,-8.44860983e-18,2.42950882e-18,1,-4.34645122e-16,-2.74669909e-26,-1.94810503e-23,-4.68383346e-38,-4.69336874e-16,-2.27866147e-20,-2.12897548e-19,1.28335824e-24,-6.46022274e-41,-1.65038372e-22,6.3187382e-18,-3.91782471e-20,-4.71282961e-23,-1.06902641e-18,-2.20487823e-26,-4.22867412e-23,8.47682378e-18,-1.19394334e-19,1.23431015e-22,1.1072793e-17,-1.23466444e-26,-6.39593441e-19,7.33044251e-26,-1.756022e-21,-2.15638924e-35,-8.97228666e-26,1.14722905e-28,-1.35134626e-25,1.37812557e-26,-1.80009391e-27,2.7920135e-20,6.63105463e-27,-2.98605451e-25,-1.76901236e-22,6.28112249e-18,-1.02980895e-18,1.10593264e-18,2.94798232e-27,-2.48082823e-25,6.20314154e-44,1.22018588e-23,2.17835296e-22,1.23521622e-24,2.00605116e-23,2.24605743e-24,-2.64212766e-24,2.77129688e-25,-5.89090759e-22,3.81508329e-25,4.90309372e-28,2.97024348e-24,-6.42156867e-29,-2.76907818e-24
0.00212765957,1.66469077,36.9981055,-140677.897,300,4.64033092,1.63403489e-18,5.24393199e-18,-3.24779235e-29,-5.35169214e-19,-2.46005769e-15,-2.90988123e-27,1.67052535e-29,2.79281225e-18,-2.32632928e-18,6.99297716e-18,4.85256181e-21,-1.30323651e-18,1.78477304e-18,-1.64179474e-17,1.43371703e-17,5.68068413e-19,1.76146542e-19,5.33880913e-22,-2.64568161e-19,2.48229938e-18,-4.70129182e-19,-4.72650687e-20,-5.72763751e-19,6.57699478e-19,-3.84004652e-21,4.71179788e-16,2.57739918e-19,-4.57977102e-18,-8.49301932e-22,1.06868132e-17,2.19073026e-17,-5.05329405e-21,-4.69387295e-28,3.68760928e-19,-4.57999094e-18,-3.148672e-18,-1.33870194e-23,2.65550136e-23,-1.0201477e-25,1.55886288e-18,-2.77696742e-24,-1.40004435e-26,-1.02783693e-17,-1.91686701e-23,2.1833245e-21,1.42263578e-21,-1.83705835e-18,2.4202025e-25,1.50708555e-20,4.52623668e-25,-1.07286457e-25,-8.24217433e-18,5.33844536e-24,5.66905381e-26,-4.11195184e-27,-1.72487987e-26,-5.30923573e-24,9.38017104e-22,-1.20896431e-24,-1.08545749e-27,-2.53969291e-26,-8.44860982e-18,2.42950883e-18,1,-4.34645116e-16,-2.74679348e-26,-1.94408678e-23,-7.07122883e-38,-4.69336872e-16,-2.27866146e-20,-2.12897548e-19,1.33184692e-24,-6.46031948e-41,-1.64957618e-22,6.3187382e-18,-3.91792672e-20,-4.71281659e-23,-1.06902639e-18,-2.20293329e-26,-4.22853946e-23,8.47682378e-18,-1.18699773e-19,1.23488308e-22,1.1072793e-17,-1.23457154e-26,-6.39593751e-19,8.42340012e-26,-1.75600011e-21,-2.28799763e-35,-8.95461004e-26,1.14433241e-28,-1.3513443e-25,1.37812727e-26,-1.80009328e-27,2.79201423e-20,7.52595524e-27,-2.98605439e-25,-1.76624628e-22,6.27459558e-18,-1.02980855e-18,1.10593308e-18,2.9489337e-27,-2.48071329e-25,6.20315964e-44,1.22020465e-23,2.17836274e-22,1.23545865e-24,2.00605117e-23,2.24759579e-24,-2.64223489e-24,2.76781479e-25,-5.89088479e-22,3.81507477e-25,4.90309507e-28,2.9718185e-24,-8.23221613e-29,-2.67452615e-24
0.00255319149,1.63005425,44.3977266,-140677.897,300,4.64033092,1.63403501e-18,5.24393357e-18,-3.42843023e-29,-6.78013479e-19,-2.46005782e-15,-2.17779876e-26,1.67452456e-29,2.79281225e-18,-2.32632484e-18,6.99297733e-18,4.85254164e-21,-1.30328224e-18,1.78472567e-18,-1.65244535e-17,1.43371703e-17,1.16280899e-18,2.11278799e-19,5.33888783e-22,-4.11169899e-19,2.48229937e-18,-7.8472415e-19,-7.9821351e-20,-5.72763729e-19,9.43360654e-19,-3.8399704e-21,4.71179795e-16,2.57787506e-19,-5.52950585e-18,-8.49384444e-22,1.25862878e-17,2.1906951e-17,-5.40586139e-21,-4.58447675e-28,3.6876093e-19,-5.52972914e-18,-3.14902419e-18,-1.33869451e-23,2.65550605e-23,-1.02013891e-25,1.55886291e-18,-2.77693229e-24,-1.40004842e-26,-1.02783693e-17,-1.91654285e-23,2.18328278e-21,1.42268153e-21,-1.83705833e-18,2.45635934e-25,1.50708626e-20,4.52807063e-25,-1.06567662e-25,-8.24217432e-18,5.33841302e-24,5.69028595e-26,-4.1119538e-27,-1.7187165e-26,-5.29941314e-24,9.38033867e-22,-1.18804248e-24,-1.08545573e-27,-2.54142176e-26,-8.4486098e-18,2.42950883e-18,1,-4.34645109e-16,-2.74688985e-26,-1.939983e-23,-9.14361998e-38,-4.69336874e-16,-2.27866146e-20,-2.12897548e-19,1.38137716e-24,-6.46032543e-41,-1.64875355e-22,6.3187382e-18,-3.91803072e-20,-4.7128033e-23,-1.06902638e-18,-2.20094697e-26,-4.22840119e-23,8.47682377e-18,-1.17994655e-19,1.2354683e-22,1.1072793e-17,-1.23447667e-26,-6.39594067e-19,9.32209395e-26,-1.75597775e-21,-2.36707568e-35,-8.93659368e-26,1.14137746e-28,-1.3513423e-25,1.378129e-26,-1.80009263e-27,2.79201497e-20,8.24013638e-27,-2.98605427e-25,-1.76342565e-22,6.26946325e-18,-1.02980815e-18,1.10593353e-18,2.94990538e-27,-2.48059591e-25,6.20317811e-44,1.22022383e-23,2.17837274e-22,1.23570624e-24,2.00605117e-23,2.24916711e-24,-2.6423706e-24,2.76260684e-25,-5.8908615e-22,3.81506606e-25,4.90309645e-28,2.973427e-24,-1.0088031e-28,-2.57795885e-24
0.0029787234,1.58912017,51.7973477,-140677.897,300,4.64033092,1.63403514e-18,5.24393519e-18,-3.49227821e-29,-8.24583825e-19,-2.46005795e-15,1.15580447e-26,1.68083946e-29,2.79281218e-18,-2.32632028e-18,6.99297764e-18,4.85252065e-21,-1.30332917e-18,1.78467707e-18,-1.6633736e-17,1.43371703e-17,1.96317479e-18,2.72017584e-19,5.33896568e-22,-5.72918602e-19,2.48229936e-18,-1.21490025e-18,-1.01901516e-19,-5.72763707e-19,1.2364667e-18,-3.83988534e-21,4.7118031e-16,2.57836321e-19,-6.50285701e-18,-8.49498806e-22,1.45329957e-17,2.19065925e-17,-5.765317e-21,-4.46723522e-28,3.68760931e-19,-6.5030845e-18,-3.14938326e-18,-1.33868688e-23,2.65551087e-23,-1.02012968e-25,1.55886295e-18,-2.77689482e-24,-1.40005266e-26,-1.02783693e-17,-1.91623639e-23,2.18323995e-21,1.42272847e-21,-1.83705831e-18,2.49344836e-25,1.50708699e-20,4.53056879e-25,-1.05830335e-25,-8.24217431e-18,5.33838062e-24,5.71418451e-26,-4.11195581e-27,-1.71239424e-26,-5.28933728e-24,9.38051078e-22,-1.1666004e-24,-1.08545392e-27,-2.54319303e-26,-8.44860979e-18,2.42950883e-18,1,-4.34645102e-16,-2.74698877e-26,-1.93577331e-23,-1.07573973e-37,-4.69337384e-16,-2.27866146e-20,-2.12897548e-19,1.43219519e-24,-6.46032579e-41,-1.64791226e-22,6.3187382e-18,-3.9181372e-20,-4.71278966e-23,-1.06902636e-18,-2.19890941e-26,-4.22825861e-23,8.47682376e-18,-1.17275768e-19,1.23606873e-22,1.1072793e-17,-1.23437936e-26,-6.3959439e-19,1.00604747e-25,-1.75595481e-21,-2.41430047e-35,-8.91815084e-26,1.13834881e-28,-1.35134025e-25,1.37813078e-26,-1.80009196e-27,2.79201572e-20,8.8124e-27,-2.98605415e-25,-1.76053677e-22,6.27748205e-18,-1.02980774e-18,1.105934e-18,2.95090218e-27,-2.4804755e-25,6.20319704e-44,1.2202435e-23,2.17838299e-22,1.23596021e-24,2.00605118e-23,2.25077924e-24,-2.64253828e-24,2.75546926e-25,-5.8908376e-22,3.81505713e-25,4.90309786e-28,2.97507698e-24,-1.20023004e-28,-2.47889692e-24
0.00340425532,1.54188855,59.1969688,-140677.897,300,4.64033092,1.63403527e-18,5.24393685e-18,-3.5540813e-29,-9.75694468e-19,-2.46005809e-15,2.0056589e-26,1.68728579e-29,2.79281202e-18,-2.32631557e-18,6.99297813e-18,4.8524987e-21,-1.30337755e-18,1.78462698e-18,-1.67464015e-17,1.43371703e-17,2.97195884e-18,3.66689945e-19,5.33904205e-22,-7.47541903e-19,2.48229935e-18,-1.76624287e-18,-1.16798163e-19,-5.72763684e-19,1.53864436e-18,-3.83979024e-21,4.71180609e-16,2.57886634e-19,-7.50512853e-18,-8.4964711e-22,1.65375454e-17,2.19062253e-17,-6.13346945e-21,-4.34110324e-28,3.68760933e-19,-7.50536121e-18,-3.14975101e-18,-1.33867902e-23,2.65551586e-23,-1.02011992e-25,1.55886299e-18,-2.77685473e-24,-1.40005708e-26,-1.02783693e-17,-1.91594662e-23,2.18319577e-21,1.42277687e-21,-1.83705829e-18,2.53167463e-25,1.50708774e-20,4.53382714e-25,-1.05070401e-25,-8.2421743e-18,5.33834804e-24,5.74106165e-26,-4.11195786e-27,-1.70587812e-26,-5.27895254e-24,9.38068834e-22,-1.14452125e-24,-1.08545205e-27,-2.54501622e-26,-8.44860977e-18,2.42950883e-18,1,-4.34645095e-16,-2.74709074e-26,-1.93143447e-23,-1.18456393e-37,-4.69337678e-16,-2.27866145e-20,-2.12897548e-19,1.48458274e-24,-6.46032581e-41,-1.64704829e-22,6.3187382e-18,-3.91824675e-20,-4.7127756e-23,-1.06902634e-18,-2.19680935e-26,-4.22811085e-23,8.47682375e-18,-1.16539495e-19,1.23668769e-22,1.1072793e-17,-1.23427907e-26,-6.39594724e-19,1.06661833e-25,-1.75593118e-21,-2.44227947e-35,-8.89918283e-26,1.13522878e-28,-1.35133812e-25,1.37813261e-26,-1.80009127e-27,2.7920165e-20,9.27321327e-27,-2.98605403e-25,-1.75756399e-22,6.30984769e-18,-1.02980731e-18,1.10593448e-18,2.95192961e-27,-2.48035139e-25,6.20321653e-44,1.22026377e-23,2.17839355e-22,1.23622196e-24,2.00605119e-23,2.25244119e-24,-2.64273977e-24,2.74630744e-25,-5.89081298e-22,3.81504793e-25,4.90309932e-28,2.97677754e-24,-1.39906084e-28,-2.37679197e-24
0.00382978723,1.48835937,66.5965899,-140677.897,300,4.64033092,1.63403549e-18,5.24393858e-18,-3.6189004e-29,-1.13229547e-18,-2.46005823e-15,4.48079467e-27,1.69384823e-29,2.79281174e-18,-2.3263107e-18,6.99297885e-18,4.85247564e-21,-1.30342767e-18,1.78457509e-18,-1.68631577e-17,1.43371703e-17,4.17891553e-18,5.04510356e-19,5.3391162e-22,-9.33959732e-19,2.48229934e-18,-2.43825699e-18,-1.26781753e-19,-5.7276366e-19,1.85179142e-18,-3.83968376e-21,4.71180548e-16,2.5793876e-19,-8.54249221e-18,-8.49829943e-22,1.86122806e-17,2.19058473e-17,-6.51239682e-21,-4.20479287e-28,3.68760934e-19,-8.54273134e-18,-3.15012952e-18,-1.33867088e-23,2.65552104e-23,-1.02010949e-25,1.55886304e-18,-2.77681167e-24,-1.40006167e-26,-1.02783693e-17,-1.91567068e-23,2.18314996e-21,1.42282705e-21,-1.83705827e-18,2.57127618e-25,1.50708853e-20,4.53791976e-25,-1.04283126e-25,-8.24217429e-18,5.33831517e-24,5.7713111e-26,-4.11195995e-27,-1.69912757e-26,-5.26819413e-24,9.38087243e-22,-1.12166908e-24,-1.08545012e-27,-2.54690235e-26,-8.44860975e-18,2.42950883e-18,1,-4.34645088e-16,-2.74719636e-26,-1.92693936e-23,-1.2401651e-37,-4.69337612e-16,-2.27866145e-20,-2.12897548e-19,1.53886841e-24,-6.46032582e-41,-1.64615701e-22,6.3187382e-18,-3.91836001e-20,-4.71276104e-23,-1.06902632e-18,-2.19463369e-26,-4.22795691e-23,8.47682375e-18,-1.15781684e-19,1.23732906e-22,1.1072793e-17,-1.23417519e-26,-6.39595068e-19,1.11618316e-25,-1.7559067e-21,-2.45869154e-35,-8.8795751e-26,1.13199666e-28,-1.3513359e-25,1.37813451e-26,-1.80009056e-27,2.79201731e-20,9.64663918e-27,-2.9860539e-25,-1.75448915e-22,6.3775486e-18,-1.02980686e-18,1.10593497e-18,2.95299412e-27,-2.4802228e-25,6.20323672e-44,1.22028476e-23,2.17840449e-22,1.23649313e-24,2.00605119e-23,2.25416348e-24,-2.64297534e-24,2.73512786e-25,-5.89078747e-22,3.81503839e-25,4.90310083e-28,2.97853929e-24,-1.60716856e-28,-2.27100467e-24
0.00425531915,1.42853265,73.996211,-140677.897,300,4.64033092,1.63404365e-18,5.24394039e-18,-3.68548823e-29,-1.29551612e-18,-2.46005838e-15,2.21045702e-27,1.70053532e-29,2.79281133e-18,-2.32630563e-18,6.99297986e-18,4.85245126e-21,-1.30347989e-18,1.78452102e-18,-1.69848468e-17,1.43371703e-17,5.56353117e-18,6.95605292e-19,5.33918729e-22,-1.13202198e-18,2.48229932e-18,-3.22573384e-18,-1.33418615e-19,-5.72763636e-19,2.17816549e-18,-3.83956415e-21,4.71179784e-16,2.57993072e-19,-9.62227291e-18,-8.50046728e-22,2.07718514e-17,2.19054562e-17,-6.90453739e-21,-4.05669957e-28,3.68760936e-19,-9.62252011e-18,-3.15052121e-18,-1.33866239e-23,2.65552646e-23,-1.02009826e-25,1.55886308e-18,-2.77676524e-24,-1.40006643e-26,-1.02783693e-17,-1.91540398e-23,2.18310219e-21,1.42287941e-21,-1.83705824e-18,2.61253952e-25,1.50708935e-20,4.54287277e-25,-1.03462815e-25,-8.24217428e-18,5.33828188e-24,5.80543274e-26,-4.11196205e-27,-1.69209373e-26,-5.25698426e-24,9.38106439e-22,-1.09788256e-24,-1.08544811e-27,-2.54886448e-26,-8.44860973e-18,2.42950883e-18,1,-4.34645081e-16,-2.74730642e-26,-1.92225556e-23,-1.24622934e-37,-4.69336843e-16,-2.27866145e-20,-2.12897549e-19,1.59544303e-24,-6.46032582e-41,-1.64523305e-22,6.31873819e-18,-3.91847779e-20,-4.71274587e-23,-1.0690263e-18,-2.19236673e-26,-4.22779559e-23,8.47682374e-18,-1.14997459e-19,1.23799746e-22,1.1072793e-17,-1.23406696e-26,-6.39595427e-19,1.15659992e-25,-1.7558812e-21,-2.46820139e-35,-8.85919208e-26,1.12862761e-28,-1.35133354e-25,1.37813649e-26,-1.80008981e-27,2.79201814e-20,9.95180162e-27,-2.98605376e-25,-1.7512907e-22,6.49168146e-18,-1.0298064e-18,1.10593549e-18,2.95410338e-27,-2.48008882e-25,6.20325773e-44,1.22030664e-23,2.1784159e-22,1.23677568e-24,2.0060512e-23,2.25595864e-24,-2.6432441e-24,2.72201537e-25,-5.89076088e-22,3.81502846e-25,4.90310241e-28,2.98037492e-24,-1.82686012e-28,-2.16077266e-24
0.00468085106,1.36240838,81.3958321,-140677.897,300,4.64033092,1.63479163e-18,5.24394373e-18,-3.75491484e-29,-1.4666141e-18,-2.46005854e-15,-3.02983785e-26,1.70740075e-29,2.79281072e-18,-2.3263003e-18,6.99298125e-18,4.85242532e-21,-1.30353462e-18,1.78446431e-18,-1.71124907e-17,1.43371703e-17,7.10949221e-18,9.51595424e-19,5.33925433e-22,-1.34236802e-18,2.48229931e-18,-4.12632994e-18,-1.37788583e-19,-5.7276361e-19,2.52050696e-18,-3.83942922e-21,4.71179924e-16,2.58050024e-19,-1.0753343e-17,-8.50297739e-22,2.30340029e-17,2.1905049e-17,-7.31281414e-21,-3.89479721e-28,3.68760937e-19,-1.07536004e-17,-3.15092902e-18,-1.3386535e-23,2.65553214e-23,-1.02008601e-25,1.55886314e-18,-2.77671492e-24,-1.40007136e-26,-1.02783692e-17,-1.91514199e-23,2.18305206e-21,1.42293443e-21,-1.83705822e-18,2.65580756e-25,1.50709021e-20,4.54861396e-25,-1.0260265e-25,-8.24217427e-18,5.33824801e-24,5.84406791e-26,-4.11196413e-27,-1.68471819e-26,-5.2452298e-24,9.38126578e-22,-1.07296627e-24,-1.085446e-27,-2.55091838e-26,-8.44860972e-18,2.42950883e-18,1,-4.34645073e-16,-2.74742177e-26,-1.91734404e-23,-1.20925754e-37,-4.69336977e-16,-2.27866144e-20,-2.12897549e-19,1.6547809e-24,-6.46032582e-41,-1.64427001e-22,6.31873819e-18,-3.91860104e-20,-4.71272996e-23,-1.06902628e-18,-2.1899896e-26,-4.22762542e-23,8.47682373e-18,-1.14180981e-19,1.2386985e-22,1.10727931e-17,-1.2339535e-26,-6.39595803e-19,1.18940142e-25,-1.75585446e-21,-2.47363054e-35,-8.83786991e-26,1.12509118e-28,-1.35133099e-25,1.37813857e-26,-1.80008903e-27,2.79201902e-20,1.02040092e-26,-2.98605362e-25,-1.74794257e-22,6.66421598e-18,-1.02980592e-18,1.10593603e-18,2.95526679e-27,-2.47994831e-25,6.20327972e-44,1.22032957e-23,2.17842786e-22,1.23707196e-24,2.00605121e-23,2.25784187e-24,-2.64354603e-24,2.70700691e-25,-5.89073301e-22,3.81501804e-25,4.90310406e-28,2.98229972e-24,-2.06104906e-28,-2.04517264e-24
0.00510638298,1.28998655,88.7954532,-140677.897,300,4.64033092,1.70132277e-18,5.24409522e-18,-3.82801718e-29,-1.63666227e-18,-2.46005872e-15,9.47352041e-27,1.71447724e-29,2.79280987e-18,-2.32629467e-18,6.99298314e-18,4.8523975e-21,-1.30359249e-18,1.78440441e-18,-1.72473573e-17,1.43371703e-17,8.7962967e-18,1.28609698e-18,5.33931619e-22,-1.56638709e-18,2.48229929e-18,-5.1364782e-18,-1.40634693e-19,-5.72763582e-19,2.88221427e-18,-3.83927608e-21,4.71179873e-16,2.58110179e-19,-1.19466837e-17,-8.50583093e-22,2.54206987e-17,2.19046221e-17,-7.74081047e-21,-3.71647723e-28,3.68760939e-19,-1.19469543e-17,-3.15135652e-18,-1.3386441e-23,2.65553816e-23,-1.02007248e-25,1.55886319e-18,-2.77666007e-24,-1.40007643e-26,-1.02783692e-17,-1.91487883e-23,2.18299908e-21,1.42299273e-21,-1.83705819e-18,2.70151537e-25,1.50709113e-20,4.55487598e-25,-1.01693986e-25,-8.24217425e-18,5.33821342e-24,5.88805117e-26,-4.11196616e-27,-1.67692675e-26,-5.23281252e-24,9.38147862e-22,-1.04667838e-24,-1.08544377e-27,-2.55308353e-26,-8.4486097e-18,2.42950884e-18,1,-4.34645064e-16,-2.74754373e-26,-1.91215537e-23,-1.12867687e-37,-4.6933692e-16,-2.27866144e-20,-2.12897549e-19,1.71747005e-24,-6.46032583e-41,-1.64326018e-22,6.31873819e-18,-3.91873092e-20,-4.71271315e-23,-1.06902626e-18,-2.18747838e-26,-4.22744457e-23,8.47682372e-18,-1.13325087e-19,1.23943911e-22,1.10727931e-17,-1.23383367e-26,-6.39596199e-19,1.21585677e-25,-1.75582623e-21,-2.47667504e-35,-8.81540621e-26,1.12134905e-28,-1.35132821e-25,1.37814076e-26,-1.80008821e-27,2.79201994e-20,1.04156295e-26,-2.98605347e-25,-1.7444125e-22,6.90858207e-18,-1.0298054e-18,1.1059366e-18,2.95650146e-27,-2.47979883e-25,6.20330279e-44,1.2203538e-23,2.17844049e-22,1.23738494e-24,2.00605121e-23,2.25983243e-24,-2.64388092e-24,2.69015956e-25,-5.89070362e-22,3.81500707e-25,4.90310588e-28,2.98433305e-24,-2.31351347e-28,-1.92303495e-24
0.00553191489,1.21126718,96.1950743,-140677.897,300,4.64033092,7.30919709e-18,5.25874815e-18,-3.93640707e-29,-8.76324504e-19,-2.46005919e-15,6.54865425e-25,1.72088361e-29,2.7928087e-18,-2.32628854e-18,6.99298569e-18,4.85236666e-21,-1.30365512e-18,1.78434067e-18,-1.7391056e-17,1.43371702e-17,1.06392005e-17,1.71726371e-18,5.33938653e-22,-1.80627671e-18,2.48229928e-18,-6.27175561e-18,-1.42466595e-19,-5.72763553e-19,3.26760178e-18,-3.83909991e-21,4.71180445e-16,2.58174252e-19,-1.32162104e-17,-8.50907998e-22,2.79597701e-17,2.19041711e-17,-8.19302665e-21,-3.51756814e-28,3.68760941e-19,-1.32164981e-17,-3.15180818e-18,-1.33863383e-23,2.65554465e-23,-1.02005684e-25,1.55886325e-18,-2.77660002e-24,-1.4000816e-26,-1.02783692e-17,-1.91459897e-23,2.18294376e-21,1.42305654e-21,-1.83705816e-18,2.75163866e-25,1.50709214e-20,4.5610043e-25,-1.0069766e-25,-8.24217424e-18,5.33818234e-24,5.93847576e-26,-4.11196805e-27,-1.66838513e-26,-5.21919776e-24,9.38171206e-22,-1.01871021e-24,-1.08544132e-27,-2.55538437e-26,-8.44860967e-18,2.42950884e-18,1,-4.34645055e-16,-2.74767573e-26,-1.90653117e-23,1.1964417e-37,-4.69337486e-16,-2.27866143e-20,-2.12897549e-19,1.78425769e-24,-6.46032583e-41,-1.64219359e-22,6.31873819e-18,-3.91886892e-20,-4.71269489e-23,-1.06902624e-18,-2.18474244e-26,-4.22725062e-23,8.47682371e-18,-1.12420788e-19,1.24022811e-22,1.10727931e-17,-1.2337027e-26,-6.39596619e-19,1.23702013e-25,-1.75579595e-21,-2.47834607e-35,-8.79154506e-26,1.11735185e-28,-1.3513251e-25,1.37814316e-26,-1.8000873e-27,2.79202097e-20,1.05967827e-26,-2.9860533e-25,-1.74065964e-22,7.2420842e-18,-1.02980485e-18,1.10593721e-18,2.95810717e-27,-2.47954863e-25,6.20331953e-44,1.22038059e-23,2.17845418e-22,1.23772416e-24,2.00605122e-23,2.26198226e-24,-2.64425184e-24,2.67121346e-25,-5.89067664e-22,3.81499986e-25,4.90311733e-28,2.98653784e-24,-2.58920192e-28,-1.79173934e-24
0.00595744681,1.12625026,103.594695,-140677.897,300,4.64033092,4.51492344e-16,6.60777455e-18,-6.61050588e-29,7.74937853e-17,-2.46006617e-15,-1.72689813e-23,1.64389533e-29,2.79280708e-18,-2.3262755e-18,6.99298947e-18,4.85226877e-21,-1.30374911e-18,1.78427599e-18,-1.75456848e-17,1.43371704e-17,1.29789452e-17,2.2853495e-18,5.34091088e-22,-2.06521745e-18,2.4822993e-18,-7.71453767e-18,-1.43632266e-19,-5.72763505e-19,3.68229294e-18,-3.83887183e-21,4.71180199e-16,2.58243173e-19,-1.45800264e-17,-8.51319169e-22,3.06874267e-17,2.19036906e-17,-8.67526622e-21,-3.22394253e-28,3.68760944e-19,-1.45803374e-17,-3.15228947e-18,-1.33861614e-23,2.65555382e-23,-1.01997896e-25,1.55886333e-18,-2.77655093e-24,-1.40008429e-26,-1.02783692e-17,-1.91400597e-23,2.18291336e-21,1.42316566e-21,-1.83705811e-18,2.84327141e-25,1.50709387e-20,4.56557036e-25,-9.88803534e-26,-8.24217421e-18,5.33830225e-24,5.99571944e-26,-4.1119694e-27,-1.65284832e-26,-5.19437568e-24,9.38213921e-22,-9.88605081e-25,-1.08543656e-27,-2.55784842e-26,-8.44860965e-18,2.42950884e-18,1,-4.34645043e-16,-2.74787382e-26,-1.89818812e-23,5.45342195e-35,-4.69337234e-16,-2.27866108e-20,-2.12897549e-19,1.85613842e-24,-6.46032583e-41,-1.64104631e-22,6.31873818e-18,-3.91901679e-20,-4.71266662e-23,-1.0690262e-18,-2.18026155e-26,-4.22703967e-23,8.47682369e-18,-1.1145649e-19,1.24107706e-22,1.10727931e-17,-1.23347527e-26,-6.39597059e-19,1.25377232e-25,-1.75575782e-21,-2.47928066e-35,-8.76595416e-26,1.1130365e-28,-1.35132126e-25,1.37814745e-26,-1.80008559e-27,2.79202346e-20,1.07559109e-26,-2.98605296e-25,-1.73663063e-22,7.70122267e-18,-1.02980416e-18,1.10593798e-18,2.97352122e-27,-2.4720415e-25,6.20280247e-44,1.22048093e-23,2.17847435e-22,1.23822976e-24,2.00605124e-23,2.26489144e-24,-2.64448098e-24,2.64716142e-25,-5.8909553e-22,3.81551381e-25,4.90419577e-28,2.98989771e-24,-2.88397577e-28,-1.62868024e-24
0.00638297872,1.03493578,110.994317,-140677.897,300,4.64033092,3.31957036e-14,1.22200192e-16,-2.05225132e-27,6.10629648e-15,-2.46018616e-15,-2.45137525e-22,-4.90155743e-29,2.79280441e-18,-2.32589158e-18,6.99301002e-18,4.84714038e-21,-1.30667183e-18,1.78448681e-18,-1.77140629e-17,1.43371913e-17,1.83803239e-17,3.17361284e-18,5.4716607e-22,-2.34771557e-18,2.48229929e-18,-1.08028814e-17,-1.44367897e-19,-5.72763453e-19,4.13384336e-18,-3.83861968e-21,4.71195625e-16,2.5831818e-19,-1.60624128e-17,-8.52030877e-22,3.3652233e-17,2.19031722e-17,-9.19524284e-21,3.12650073e-28,3.6876098e-19,-1.6062754e-17,-3.15280855e-18,-1.33859965e-23,2.65556315e-23,-1.01176792e-25,1.55886341e-18,-2.77830506e-24,-1.39956976e-26,-1.02783692e-17,-1.91105555e-23,2.18286306e-21,1.42382317e-21,-1.83705805e-18,2.93521326e-25,1.50709645e-20,4.56612642e-25,-9.72198226e-26,-8.24217419e-18,5.34247195e-24,5.98079858e-26,-4.11192484e-27,-1.63862193e-26,-5.17125357e-24,9.38288735e-22,-9.55691606e-25,-1.08540064e-27,-2.56030406e-26,-8.44860962e-18,2.42950885e-18,1,-4.34644969e-16,-2.75403356e-26,-1.8933396e-23,1.27246292e-32,-4.69352727e-16,-2.27863837e-20,-2.12897549e-19,1.93438698e-24,-6.46032584e-41,-1.63982074e-22,6.31873807e-18,-3.91917729e-20,-4.7126399e-23,-1.06902616e-18,-2.17591012e-26,-4.22693293e-23,8.47682368e-18,-1.1041678e-19,1.24200261e-22,1.10727931e-17,-1.23326301e-26,-6.39597541e-19,1.26717772e-25,-1.75571853e-21,-2.49773645e-35,-8.73820894e-26,1.10830612e-28,-1.35126666e-25,1.37815154e-26,-1.80008404e-27,2.79202559e-20,1.09002198e-26,-2.98605266e-25,-1.73225456e-22,8.44700973e-18,-1.02980345e-18,1.10593876e-18,3.59856457e-27,-1.91904149e-25,6.04094619e-44,1.22569113e-23,2.17851718e-22,1.23884143e-24,2.00605162e-23,2.26696117e-24,-2.62029988e-24,2.59575832e-25,-5.91111374e-22,3.87318101e-25,5.01803509e-28,3.00123381e-24,-2.01528494e-28,-1.46085076e-24
0.00680851064,0.937323759,118.393938,-140677.897,300,4.64033092,2.25397286e-12,9.23317134e-15,-1.42120019e-25,4.31678772e-13,-2.46219051e-15,-2.17131638e-21,-4.68196303e-27,2.79277037e-18,-2.29918792e-18,6.99414096e-18,4.49095494e-21,-1.48541647e-18,1.80395394e-18,-1.79000619e-17,1.43393343e-17,3.79871076e-17,5.26679198e-18,1.61383987e-21,-2.66019946e-18,2.48229914e-18,-2.13505696e-17,-1.44832529e-19,-5.72762449e-19,4.63286527e-18,-3.8385922e-21,4.71483347e-16,2.58412802e-19,-1.76970986e-17,-8.38448659e-22,3.69217365e-17,2.19026051e-17,-9.76275197e-21,4.92342343e-26,3.68764866e-19,-1.7697236e-17,-3.15337578e-18,-1.3385744e-23,2.65557464e-23,6.15380969e-27,1.55886418e-18,-2.98697016e-24,-1.30213918e-26,-1.0278368e-17,-1.5052586e-23,2.18214966e-21,1.5099496e-21,-1.83705582e-18,4.52703402e-25,1.5072492e-20,4.65679009e-25,-9.57194678e-26,-8.24217398e-18,5.66493565e-24,2.50805211e-26,-4.10140917e-27,-1.62224158e-26,-5.07014895e-24,9.44907244e-22,-8.79799554e-25,-1.07917231e-27,-2.51928227e-26,-8.44860824e-18,2.42950885e-18,1,-4.34642564e-16,-3.1307447e-26,-2.21773678e-23,2.80871398e-30,-4.69642532e-16,-2.27730542e-20,-2.12897548e-19,2.02080883e-24,-6.46032581e-41,-1.63850026e-22,6.31873052e-18,-3.91934131e-20,-4.71265605e-23,-1.06902515e-18,-2.15276536e-26,-4.24534305e-23,8.47682367e-18,-1.09280421e-19,1.2432738e-22,1.10727928e-17,-1.23287795e-26,-6.39597996e-19,1.26791962e-25,-1.75564669e-21,-1.00697595e-34,-8.71185425e-26,1.10267196e-28,-1.34251547e-25,1.37818362e-26,-1.80008323e-27,2.79202929e-20,1.10138096e-26,-2.98605245e-25,-1.72743237e-22,1.01325343e-17,-1.02980272e-18,1.10593948e-18,2.97225582e-26,3.69598267e-24,-8.16964532e-43,1.58313388e-23,2.18068449e-22,1.25171795e-24,2.00607676e-23,2.21395145e-24,-7.93592651e-26,2.4205955e-25,-7.06927079e-22,9.72690677e-25,1.62862394e-27,3.83202783e-24,1.18264161e-26,-1.29292652e-24
0.00723404255,0.833414186,125.793559,-140677.897,300,4.64033092,1.38875141e-10,6.60486033e-13,-9.11024962e-24,2.76785538e-11,-2.49442475e-15,-2.57292755e-19,-3.01543072e-25,2.79074096e-18,-5.76708901e-19,7.06699392e-18,-1.69135568e-20,-1.0902435e-17,3.01987653e-18,-1.81040114e-17,1.45386652e-17,1.15134633e-16,1.33791234e-17,8.06739192e-20,-3.01011381e-18,2.48229346e-18,-5.86483749e-17,-1.45120295e-19,-5.72652616e-19,5.20355729e-18,-3.86665455e-21,4.8643268e-16,2.60964719e-19,-1.95286814e-17,9.06934531e-22,4.05941217e-17,2.19019622e-17,-1.02984072e-20,3.67403886e-24,3.69175325e-19,-1.95028123e-17,-3.15395476e-18,-1.3367952e-23,2.65567603e-23,1.28213724e-23,1.55896513e-18,-2.88671917e-23,1.52784683e-25,-1.02782109e-17,5.20164167e-22,2.09886544e-21,1.35995691e-20,-1.83668975e-18,2.59392897e-23,1.52900711e-20,1.94493167e-24,-5.47367122e-26,-8.24214052e-18,2.83889448e-23,2.10934829e-24,-2.02568416e-27,-6.87042577e-27,8.92251557e-24,2.05095796e-21,5.80016001e-24,3.75213821e-29,5.46865536e-26,-8.44832373e-18,2.42950885e-18,1,-4.34561383e-16,-2.29774716e-25,-3.2757181e-22,5.833243e-28,-4.84515832e-16,-2.21013669e-20,-2.12897482e-19,2.11748664e-24,-6.46032382e-41,-1.63660429e-22,6.31827405e-18,-3.91771237e-20,-4.71678098e-23,-1.06891581e-18,4.70835184e-27,-6.77783697e-23,8.47682345e-18,-1.08016717e-19,1.2869357e-22,1.10727654e-17,-1.20725837e-26,-6.3959284e-19,-1.89415153e-25,-1.74992863e-21,-3.05352961e-32,-9.47545474e-26,1.02813601e-28,7.78795341e-27,1.38351946e-26,-1.80013057e-27,2.79253128e-20,2.8392025e-27,-2.98605219e-25,-1.72200539e-22,-5.56109901e-19,-1.02980181e-18,1.10593786e-18,1.02938698e-24,2.5374063e-22,-6.37934664e-39,2.40639731e-22,2.36410143e-22,2.40481016e-24,2.00765475e-23,-1.10485381e-24,2.37373042e-22,1.81551012e-25,-6.38184298e-21,5.5122119e-23,1.04660246e-25,8.045697e-23,1.09810106e-24,-1.13608194e-24
0.00765957447,0.723207069,133.19318,-140677.897,300,4.64033089,7.62714602e-09,4.21236789e-11,-5.18655971e-22,1.58176725e-09,-2.81393308e-15,-7.09952029e-18,-1.72504137e-23,2.67246791e-18,9.84731937e-17,1.12711872e-17,-1.03939194e-18,-4.63193468e-16,7.04621136e-17,-1.78855874e-17,3.10538838e-17,6.99165164e-16,8.61485365e-17,5.30435599e-18,-3.23597954e-18,2.48199152e-18,-1.42996224e-16,-1.43590371e-19,-5.6152674e-19,6.64432798e-18,-6.67449731e-21,4.91400433e-16,5.71235969e-19,-2.12020059e-17,1.68434697e-19,4.48135478e-17,2.19006284e-17,-1.37594517e-21,2.48606149e-22,4.07845567e-19,-1.8759213e-17,-3.1479151e-18,-1.10057081e-23,2.65783017e-23,1.3801152e-21,1.57208818e-18,-3.28365731e-21,2.53441705e-23,-1.02597647e-17,6.32709954e-20,-7.53617161e-21,1.5305826e-18,-1.78199688e-18,3.82630316e-21,4.3269406e-20,1.95007764e-22,5.9099178e-24,-8.23689213e-18,1.41360115e-21,8.91965162e-22,3.56150826e-25,1.36964209e-24,2.08879407e-21,1.67901236e-19,9.93441787e-22,1.796791e-25,1.30515974e-23,-8.39482086e-18,2.42950883e-18,0.999999991,-4.32271239e-16,-9.76193575e-24,-2.53845188e-20,1.13051825e-25,-4.84528733e-16,5.1057562e-21,-2.12893473e-19,2.16412438e-24,-6.46020409e-41,-1.58907829e-22,6.29601027e-18,-3.68827132e-20,-5.10573776e-23,-1.05783089e-18,3.11197306e-24,-3.12666339e-21,8.47680031e-18,-1.06560675e-19,7.71725512e-22,1.10710892e-17,1.65211421e-26,-6.39264544e-19,-7.12767231e-23,-8.72154554e-22,-1.16543812e-29,-1.4430328e-24,-1.05875513e-27,2.11023444e-23,2.2621179e-26,-1.80535904e-27,2.88543441e-20,-2.81435323e-24,-2.98604093e-25,-1.71301761e-22,-4.29652006e-16,-1.0297994e-18,1.10585525e-18,3.53061477e-23,1.46643566e-20,-9.43501522e-36,1.28889171e-20,1.65499816e-21,9.81198214e-23,2.09760553e-23,-1.76930598e-22,2.02204077e-20,1.71163283e-25,-2.27254219e-19,4.53270406e-21,8.62543767e-24,6.4179182e-21,8.81843323e-23,-2.05544927e-24
0.00808510638,0.606702612,140.592806,-140677.897,300,4.64032938,3.64778725e-07,2.33835581e-09,-1.98464761e-20,7.87068006e-08,-2.79382971e-15,1.52660391e-17,-7.57181516e-22,-3.33765179e-18,5.05415351e-15,2.2239718e-16,-3.23937999e-17,7.5774759e-16,3.32440883e-15,1.5510162e-17,1.22104535e-15,2.70725484e-16,1.21335658e-15,3.05363593e-16,9.59362758e-18,2.46873774e-18,-4.68093424e-16,1.40511371e-19,4.19248576e-19,4.21009853e-17,-2.47687618e-19,7.90819835e-16,3.14594793e-17,1.27574642e-17,1.40722177e-17,4.9253717e-17,2.18758104e-17,8.36248774e-19,1.50035804e-20,3.57728715e-18,2.10022108e-16,-2.38708257e-18,2.67842012e-22,2.41244551e-23,1.28352424e-19,3.06499398e-18,-3.8643994e-19,3.3487865e-21,-8.37596997e-18,6.46187539e-18,-9.77103298e-19,1.6717292e-16,5.33238795e-18,4.97823437e-19,3.17922364e-18,2.21077699e-20,7.89670999e-22,-7.51732136e-18,6.82624823e-20,1.58452441e-19,5.34676816e-23,1.80037377e-22,2.71467888e-19,2.1806211e-17,1.28846669e-19,2.53913305e-23,1.85410687e-21,3.78861793e-19,2.4295079e-18,0.999999554,-3.85919831e-16,1.59697133e-23,-1.81249672e-18,2.02475048e-23,-4.89066693e-16,7.49670902e-19,-2.1269714e-19,-4.08262984e-24,-6.45583963e-41,2.37409061e-22,5.56293903e-18,2.13973351e-19,-3.68040514e-22,-6.75088344e-20,3.20665502e-22,-3.24175171e-19,8.47450896e-18,-1.02388608e-19,8.52544172e-20,1.09897263e-17,2.95320901e-24,-6.25153502e-19,-1.2291763e-20,1.17642392e-19,-4.20495164e-27,-1.99661552e-22,-1.71972766e-25,2.78453571e-21,1.25977533e-24,-2.15067027e-27,1.79591399e-19,-8.78731624e-22,-2.98353773e-25,-1.24978935e-22,7.72660484e-16,-1.02975563e-18,1.10342953e-18,1.06139511e-21,7.38300898e-19,1.65847967e-33,6.33698621e-19,9.7827779e-20,7.03202992e-21,6.61792428e-23,-8.19031599e-21,1.4911738e-18,9.5064178e-24,-5.79796539e-18,3.26811214e-19,6.26434848e-22,4.62627387e-19,6.07914401e-21,-3.62173337e-23
0.0085106383,0.483907504,147.992686,-140677.897,300,4.64026804,1.47123677e-05,1.09387332e-07,-1.83997356e-19,3.30202067e-06,-2.94333935e-14,3.41732922e-19,-6.2431246e-21,-2.60618717e-16,2.13234866e-13,9.1554671e-15,-3.03246304e-16,5.60784451e-16,1.35042667e-13,2.06316547e-15,7.31214651e-14,8.70644672e-16,4.05219315e-14,1.47834643e-14,8.28616825e-16,2.07676347e-18,4.70787057e-15,3.27084165e-17,7.3102932e-17,1.91522299e-15,-1.76869966e-17,1.57385801e-14,2.2529533e-15,2.5479854e-15,9.82291275e-16,1.59383662e-17,2.13230107e-17,6.21032273e-17,7.75515702e-19,2.22104828e-16,1.59301075e-14,6.97363972e-17,2.7674265e-20,-8.8597378e-22,1.00267333e-17,1.46022616e-16,-3.84693881e-17,3.69592811e-19,1.53098948e-16,5.54153883e-16,-8.29864197e-17,1.53547603e-14,7.82982787e-16,5.448662e-17,2.98490297e-16,2.11099455e-18,8.71324988e-20,7.53785326e-17,1.92275477e-18,2.00877844e-17,6.60976738e-21,1.96310455e-20,2.95738524e-17,2.39112456e-15,1.40227849e-17,2.99707445e-21,2.20684172e-19,1.20923641e-15,2.42948595e-18,0.999981876,-7.09913209e-17,1.18184818e-23,-1.09047327e-16,3.31157293e-21,-4.95035931e-16,4.88223e-18,-2.05971319e-19,-5.27952202e-22,-1.09385217e-40,2.89765033e-20,5.91238894e-19,2.32408658e-17,-2.21418825e-20,7.39940688e-17,2.71448361e-20,-2.86670102e-17,8.28220696e-18,1.78181629e-19,9.41620448e-18,8.59662638e-18,2.26108356e-22,-3.17805815e-19,-1.5020733e-18,1.35870513e-17,-1.42311733e-24,-2.47158538e-20,-2.13705941e-23,3.06985941e-19,1.42294432e-22,-8.59137096e-27,2.07731015e-17,-2.4776646e-19,-2.55651866e-25,6.16206957e-21,7.39505104e-16,-1.02864099e-18,1.04421143e-18,2.69528911e-20,3.12122592e-17,8.9599399e-34,2.63193381e-17,5.55593136e-18,4.29159752e-19,1.98860802e-21,-2.47576276e-19,9.23850229e-17,6.33502017e-22,-2.25239029e-17,1.97941679e-17,3.82655168e-20,2.80215908e-17,2.51534468e-19,-9.12688292e-22
0.00893617021,0.354983411,155.403975,-140677.897,300,4.63827502,0.000477232621,4.11068496e-06,6.98296341e-19,0.000111379377,-3.45551928e-13,-6.23834585e-17,-9.2449287e-22,-9.09793522e-15,7.18189552e-12,3.14265945e-13,-1.97184395e-15,3.63801289e-17,4.40588172e-12,1.01948453e-13,3.54607457e-12,-1.24408111e-18,1.15632628e-12,5.73093911e-13,3.98168374e-14,-1.70868227e-18,2.98632695e-13,3.91219633e-15,4.37843006e-15,2.59941038e-14,-1.03040932e-15,6.1677194e-13,1.2950203e-13,1.43397701e-13,5.47792557e-14,-1.91072246e-15,2.64158569e-17,3.63771274e-15,3.36969073e-17,1.22666947e-14,8.68634285e-13,5.51868625e-15,2.12594746e-18,-2.31516029e-19,6.24840693e-16,1.1064457e-14,2.93032062e-15,3.23965776e-17,1.1187363e-14,3.79219294e-14,-5.63098794e-15,1.12550799e-12,6.86111789e-14,4.76242331e-15,2.24601674e-14,1.60682374e-16,7.62936872e-18,7.6705453e-15,-1.31338787e-17,1.92851449e-15,6.57864078e-19,1.70293859e-18,2.57102781e-15,2.09002101e-13,1.21661593e-15,2.81633129e-19,2.09089788e-17,1.33869553e-13,2.43057823e-18,0.999407277,-3.61339571e-19,7.66147422e-25,-5.25443438e-15,4.85835267e-19,-4.64620085e-16,-1.50417001e-18,-1.25217612e-19,-3.50591974e-20,-1.43402749e-37,1.69725182e-18,-2.01665465e-20,1.71239785e-15,-1.21686112e-18,2.29648557e-16,1.79882566e-18,-1.98796738e-15,-4.66958738e-18,2.52279389e-17,8.32885667e-16,2.1958527e-19,-1.85848176e-21,9.25615053e-20,-1.66769173e-16,1.23608503e-15,-4.4737249e-22,-2.45159676e-18,-2.12854263e-21,2.67531651e-17,1.23691891e-20,8.63357964e-25,2.26856359e-15,-6.20994604e-17,4.95194225e-24,7.02662707e-19,4.56433422e-14,-1.00540181e-18,-1.06230897e-19,5.51775707e-19,1.05279444e-15,-5.30910094e-30,8.78004254e-16,2.50161178e-16,2.09130488e-17,6.74475517e-20,-4.88633914e-20,4.55095192e-15,3.19693842e-20,-5.23565345e-19,9.5667621e-16,1.85836208e-18,1.35432278e-15,1.0317486e-19,-1.87554656e-20
0.00936170213,0.222401598,163.230899,-140677.897,300.000001,4.5904798,0.0114789355,0.000114317751,4.28925623e-21,0.00278489023,3.57344687e-12,-2.01341637e-17,3.0378724e-19,-2.34707403e-13,1.74167054e-10,8.04321727e-12,-3.01361233e-14,5.58227083e-20,1.03776219e-10,3.33274727e-12,1.23012013e-10,-3.40065292e-15,2.39253594e-11,1.59431962e-11,1.19926628e-12,-4.00950164e-17,1.01417104e-11,3.97512517e-13,1.85384119e-13,8.82340512e-13,-4.10481163e-14,1.75863334e-11,5.34592366e-12,5.71214387e-12,2.18354199e-12,-7.93052414e-14,-6.96399669e-17,1.51964894e-13,1.66678291e-15,4.74582707e-13,3.38033153e-11,2.98309039e-13,1.19375808e-16,-7.88791031e-18,2.78031183e-14,6.11025329e-13,2.25114e-13,2.02128085e-15,5.48492173e-13,1.85244579e-12,-2.80416844e-13,5.88527627e-11,4.28125481e-12,2.9627019e-13,1.2066456e-12,8.72589781e-15,4.75017245e-16,5.04300697e-13,1.63883352e-15,1.26754752e-13,4.57701867e-17,1.0526041e-16,1.59179786e-13,1.302692e-11,7.52702055e-14,1.88461404e-17,1.41308761e-15,1.04837697e-11,2.60115237e-18,0.985621856,-7.5799321e-23,1.15449828e-27,-2.65646522e-14,5.81376248e-17,1.67132254e-17,-6.56232876e-17,-4.78499709e-18,-1.6764008e-18,-4.24355809e-34,6.88406517e-17,-1.17163296e-19,9.11182673e-14,-4.7007124e-17,-1.56156942e-14,8.70778275e-17,-9.65134514e-15,-6.30898021e-16,1.66456647e-15,5.22141896e-14,-5.60859781e-17,-1.13661954e-19,-3.01691242e-18,-1.57411795e-14,7.64477786e-14,-1.24213351e-19,-1.71374581e-16,-1.45370351e-19,1.67574451e-15,7.74529619e-19,3.82553873e-22,1.74850344e-13,-1.20072622e-14,5.04205384e-22,5.51129342e-17,3.83457641e-12,-6.70107191e-19,-1.54128694e-17,8.19806502e-18,2.57249429e-14,1.87054378e-28,2.07179803e-14,8.32451548e-15,7.29170021e-16,1.64472553e-18,-3.55286903e-21,1.60796785e-13,1.14884516e-18,-2.30086664e-22,3.3123895e-14,6.47293646e-17,4.68966109e-14,1.83345528e-18,-2.6522763e-19
0.00978723404,0.101812505,182.180614,-140677.897,300.000039,3.91485671,0.165562128,0.00190088748,3.54781667e-20,0.0418744139,2.49676052e-10,-8.02497783e-17,4.6129267e-18,-3.96546316e-12,1.72354833e-09,1.22310309e-10,-1.33710061e-15,-7.00010492e-21,9.81807437e-10,4.40777706e-11,1.65183407e-09,1.31887221e-15,2.07566023e-10,1.74678531e-10,-4.75166841e-13,-6.76057896e-17,1.32899053e-10,2.2513136e-11,3.01734267e-12,1.35993473e-11,-8.27828412e-13,2.00370606e-10,8.55516066e-11,8.79972766e-11,3.36706506e-11,-1.81771404e-12,-1.97913701e-16,2.44935655e-12,3.48465868e-14,7.06025407e-12,5.08947043e-10,6.27871673e-12,2.43693629e-15,-1.07471863e-18,4.80198017e-13,1.41213418e-11,5.5286357e-12,4.93016305e-14,1.03884022e-11,3.50884044e-11,-7.94576937e-12,1.19656891e-09,1.07449733e-10,7.17728762e-12,2.59306595e-11,1.84613775e-13,1.07855777e-14,1.26443924e-11,-4.83556415e-13,2.52695149e-12,1.27351389e-15,2.53807613e-15,3.84383473e-12,3.17205026e-10,1.81867872e-12,4.92139204e-16,3.73477853e-14,3.22360975e-10,8.56632248e-18,0.790662562,-9.3702585e-26,2.97670103e-28,-7.24400812e-16,4.67984519e-15,4.80766669e-21,-3.23041782e-18,-2.2885983e-17,1.87258456e-17,-9.6580143e-31,4.29328023e-16,2.53127083e-21,2.42465797e-12,-2.20811939e-17,-6.79369415e-16,1.67094898e-15,-3.08508776e-16,-1.14679185e-14,5.59648774e-14,6.56826628e-13,-2.81125938e-15,-3.79967571e-20,-1.021938e-16,-8.43502076e-13,2.68644908e-12,-2.12762446e-17,-4.51511867e-15,-2.9182502e-18,4.14488352e-14,1.59430074e-17,2.41934863e-20,6.12632131e-12,-2.05565895e-12,2.02127289e-20,1.69367179e-15,1.25879394e-10,1.43445064e-18,-2.76151658e-17,6.01418987e-17,2.59789818e-13,4.03159374e-28,1.90063358e-13,1.07433449e-13,9.87355514e-15,1.61658986e-17,2.3161349e-23,2.21800585e-12,1.70878985e-17,4.34177546e-26,4.45636003e-13,8.80288142e-16,6.31105421e-13,2.55220591e-17,-1.58991845e-18
0.010212766,-0.065616357,308.661174,-140677.897,300.000044,1.44667023,0.717239681,0.00942878479,-2.80103228e-17,0.195535301,1.0029859e-10,4.64672063e-19,-3.38728307e-15,-1.21513143e-11,1.33930826e-09,6.61345969e-11,1.33110035e-17,-1.69135127e-20,7.02759499e-10,1.80779788e-11,6.04434634e-10,1.30052571e-17,1.81101585e-10,9.64200063e-11,1.59844768e-12,1.97791304e-19,4.60662941e-11,1.65331626e-13,6.87505019e-13,4.13807317e-12,-9.67517951e-13,1.00278988e-10,2.35362727e-11,2.28450456e-11,8.7564774e-12,-1.21142696e-12,7.59264539e-20,6.03693126e-13,2.32333726e-16,1.94546817e-13,1.41246681e-10,1.60760773e-12,6.30249868e-17,-3.96356706e-21,9.73557831e-14,2.20632421e-12,-7.43096655e-12,3.13493194e-15,1.7886847e-12,6.15973862e-12,-5.60730446e-12,1.83545242e-10,9.10883111e-12,8.23276438e-13,4.15306858e-12,2.70248764e-14,-1.38771719e-14,2.87823639e-13,-3.98094859e-13,-5.63819633e-14,9.57597655e-17,2.38969004e-16,4.60495189e-13,3.88344878e-11,2.25545385e-13,4.96175874e-17,4.48224972e-15,3.91525071e-11,6.58484655e-19,0.0777962299,-1.20563151e-29,-5.15759121e-28,-6.18295994e-17,-2.27565863e-15,2.43377088e-19,-7.9103728e-22,-8.47586893e-21,2.87000346e-20,5.69318126e-32,-9.14849913e-16,3.32969851e-23,5.36170809e-13,6.88979738e-20,-3.17765039e-17,3.14541064e-16,-1.40537333e-17,-4.96148861e-17,6.06002431e-15,6.86846154e-14,-9.1553993e-20,-9.25051848e-23,-1.41787043e-19,-1.63759499e-14,3.54363081e-12,7.86548141e-19,3.04793792e-15,1.63949706e-17,5.84098335e-15,-7.12204846e-17,-2.76528592e-20,8.02672392e-12,-1.62409259e-12,1.31845365e-21,-1.13823717e-15,8.71439395e-12,3.39482971e-19,-8.19641781e-20,7.57999256e-17,2.04903406e-13,2.0799444e-28,1.34612884e-13,3.99850117e-14,3.61281107e-15,1.25913693e-17,3.58843324e-25,8.02933577e-13,4.76833196e-18,4.14440872e-30,1.6237322e-13,3.26380014e-16,2.30247051e-13,-1.40792345e-17,-6.99369261e-19
0.0106382979,-0.378068665,323.895543,-140677.897,300.000005,1.18605373,0.777521505,0.0100057845,1.94244963e-16,0.209828868,1.76657533e-10,-4.70308174e-20,-2.61816632e-14,-1.43439273e-12,1.75797585e-10,6.90166817e-12,1.45110363e-19,-8.16854613e-24,7.84737847e-11,1.04049836e-12,3.56698898e-11,-3.18253573e-21,2.42956011e-11,8.57166008e-12,1.46061282e-14,4.90671716e-22,2.39222442e-12,9.83401569e-16,2.24369681e-14,1.65003523e-13,2.9390748e-14,7.98370657e-12,8.74551056e-13,8.32343797e-13,3.19799478e-13,-8.05276747e-14,1.3182457e-21,2.19904701e-14,-3.67370212e-16,2.24768178e-15,5.68814317e-12,5.42273492e-14,-1.67671643e-17,-1.30597894e-23,2.30839252e-15,5.24679775e-14,-3.88110807e-13,-1.6535899e-16,3.26859529e-14,1.16797138e-13,-3.20626912e-13,2.58039279e-12,-1.0841233e-14,8.53148974e-15,9.07137905e-14,3.57084408e-16,-1.22056657e-15,-3.19628921e-14,-3.25180693e-14,-2.5374004e-14,-1.2229975e-18,-1.35139135e-18,5.0839244e-15,4.46567634e-13,2.57964675e-15,2.08821344e-19,6.00734383e-17,7.85294916e-13,1.15327235e-20,0.00264384146,-7.03321281e-28,-8.47612525e-32,-2.55195474e-19,-2.38806578e-16,1.27644966e-22,2.01566011e-22,1.62046621e-21,-1.89120604e-22,1.89324531e-34,-1.36120646e-16,4.90907715e-24,1.82448548e-14,-6.0102181e-22,-5.7230956e-19,9.49453687e-18,-5.70611911e-20,-3.2050772e-19,2.26159678e-16,3.33925612e-16,1.25263642e-23,-4.18324361e-26,-5.66807966e-24,-4.59057335e-16,1.40828068e-13,4.49969305e-20,2.46374159e-16,1.17372867e-18,9.28463315e-17,-6.78068305e-18,-2.12803657e-21,2.02690183e-13,-3.1538356e-14,-2.16672739e-23,-7.64731927e-17,4.39127258e-13,8.26369812e-21,-7.23598801e-24,1.71403984e-17,2.62549239e-14,-2.96063766e-30,-3.16143931e-16,1.48568999e-14,2.12047509e-16,1.33857283e-18,6.53763922e-27,4.64345806e-14,1.40505208e-19,4.89454648e-28,9.29567269e-15,1.91978257e-17,1.32212494e-14,-2.61694786e-18,3.91737566e-21
0.0110638298,-0.652224214,311.07847,-140677.897,300,1.17703293,0.779920299,0.0100017758,3.03298389e-17,0.210017914,3.82529245e-11,-1.41631192e-21,-4.05174122e-15,-1.05070851e-13,1.37163678e-11,4.84432051e-13,2.76446203e-21,1.50784106e-24,5.47087511e-12,5.79256553e-14,1.96536071e-12,-5.55792228e-23,1.82545769e-12,5.48401209e-13,1.27861474e-15,1.97264433e-22,1.23172251e-13,-2.93344341e-19,1.13932173e-15,7.71619098e-15,1.73582265e-15,4.82983688e-13,4.24374724e-14,3.9771109e-14,1.52603343e-14,-3.65906515e-15,4.16772376e-23,1.0824733e-15,-1.12662135e-17,4.14013581e-17,2.79321111e-13,2.16626784e-15,-4.81201824e-19,1.65163967e-26,1.00218324e-16,2.06004686e-15,-1.2169413e-14,-4.59715677e-18,1.45924179e-15,5.16351615e-15,-1.22331132e-14,1.08280191e-13,1.31929632e-15,4.01065326e-16,3.37041317e-15,1.46228738e-17,-3.86658576e-17,-7.03571014e-16,-8.8054976e-16,-7.40651983e-16,-1.31899997e-20,4.62711268e-21,2.13620192e-16,1.76977568e-14,1.02007614e-16,1.3672714e-20,2.19261306e-18,2.23214275e-14,3.21187315e-22,6.00110182e-05,2.52367361e-34,9.61818604e-33,-4.09890945e-22,-6.92183323e-18,5.44517987e-25,4.27020809e-24,4.31777207e-22,2.57454709e-25,2.37097491e-37,-6.55196825e-18,1.73672482e-26,5.21363367e-16,2.49609518e-26,-7.37649407e-21,5.08113972e-19,-9.50380603e-23,-4.09473163e-21,6.66804617e-18,1.19131814e-18,2.38508748e-26,6.33946826e-29,-9.64838379e-26,-9.04763918e-18,4.08733016e-15,5.28229404e-22,7.26986658e-18,3.45339114e-20,3.1078512e-18,-2.33294749e-19,-6.45481388e-23,4.6130577e-15,-4.09132303e-16,-4.52621748e-25,-1.97142952e-18,1.1969028e-14,1.17718696e-21,2.66082521e-25,1.82298648e-18,1.96656584e-15,-1.73514537e-31,-8.27103864e-17,9.32310657e-16,1.15491582e-17,8.96916036e-20,2.67891568e-29,2.49210451e-15,5.25873461e-21,7.66474536e-34,5.04821093e-16,1.04143863e-18,7.18329866e-16,-1.41282516e-19,1.00900819e-21
0.0114893617,-0.910843799,296.348238,-140677.897,300,1.17682274,0.77999749,0.0100001107,3.64673938e-18,0.21000141,6.26999797e-12,-8.78745748e-22,-3.04274359e-16,-5.51095691e-15,7.81190503e-13,2.48367618e-14,4.51723936e-23,7.33427785e-25,2.77630263e-13,2.29101928e-15,7.7813572e-14,-9.79841289e-25,9.99204811e-14,2.55224932e-14,6.08097139e-17,8.73808774e-25,4.55415033e-15,-1.9150338e-21,3.92860011e-17,2.68546227e-16,6.20237063e-17,2.12119848e-14,1.45906126e-15,1.34865108e-15,5.17259714e-16,-1.21944502e-16,8.85886795e-25,3.71275439e-17,-2.80055025e-19,6.97267975e-19,9.79571444e-15,5.77074094e-17,-1.0830371e-20,1.31111302e-30,3.02443999e-18,5.42821352e-17,-2.77052275e-16,-9.81562774e-20,4.29409375e-17,1.52910325e-16,-3.41025819e-16,2.94874732e-15,4.07580341e-17,9.86533684e-18,8.6245658e-17,3.8486111e-19,-8.52615326e-19,-1.33905211e-17,-1.76807608e-17,-1.50186196e-17,-9.54631323e-23,4.69784633e-22,5.10548487e-18,4.17658741e-16,2.42767461e-18,3.4684033e-22,4.95719019e-20,4.13262066e-16,5.78824563e-24,9.89684555e-07,-6.10247446e-42,1.12359285e-33,-3.8354518e-25,-1.25403148e-19,1.47865336e-26,2.02270827e-26,2.89584643e-24,3.89272474e-28,2.80322873e-40,-2.17900098e-19,2.19119986e-29,1.15561055e-17,2.90638851e-29,-7.76134048e-23,1.69364289e-20,-8.71148433e-26,-2.47925455e-23,1.4561176e-19,3.48230186e-21,2.57162738e-29,1.64914591e-32,-1.78080158e-27,-1.40470772e-19,8.69869819e-17,5.11306179e-24,1.48322495e-19,7.0391367e-22,7.11027158e-20,-5.52229401e-21,-1.3547702e-24,8.13515877e-17,-4.29382599e-18,-7.18633902e-27,-3.50953524e-20,1.99883507e-16,6.76085309e-23,1.44687397e-27,1.44082073e-19,1.07475393e-16,-1.07151816e-31,-4.28056923e-18,4.02797329e-17,4.52653314e-19,4.52225785e-21,5.25263109e-32,9.63797362e-17,2.02182347e-22,1.03831562e-39,1.98379229e-17,4.08913149e-20,2.82306769e-17,-5.46324345e-21,7.79814136e-23
0.0119148936,-1.15675419,281.533526,-140677.897,300,1.17681905,0.779999919,0.0100000047,1.56659928e-18,0.210000064,8.47395864e-13,-1.90404928e-21,-1.83232635e-17,-2.2743237e-16,3.55051453e-14,9.99596085e-16,6.70619722e-25,1.59504076e-29,1.12209907e-14,7.15264947e-17,2.43764445e-15,-1.32149529e-26,4.36287423e-15,9.44313929e-16,2.10497406e-18,2.87658216e-27,1.33110451e-16,-1.30416006e-23,1.05935291e-18,7.44587387e-18,1.74289295e-18,7.39804603e-16,3.94850653e-17,3.60047931e-17,1.38054521e-17,-3.23198246e-18,1.53659925e-26,9.99969215e-19,-5.65128882e-21,1.03940523e-20,2.70865085e-16,1.19359795e-18,-1.96164731e-22,2.46516785e-33,7.14637222e-20,1.11984378e-18,-4.98264955e-18,-1.69140092e-21,9.8108888e-19,3.5231406e-18,-7.54809183e-18,6.21641815e-17,8.61849787e-19,1.8447927e-19,1.729178e-18,7.83479664e-21,-1.48769009e-20,-2.07474304e-19,-2.82332549e-19,-2.4117321e-19,5.74370204e-25,1.26004163e-23,9.34380932e-20,7.58122109e-18,4.44673102e-20,6.49596819e-24,8.67220706e-22,5.97674473e-18,8.13372526e-26,1.29156558e-08,-8.52754016e-41,1.21718034e-36,-2.3317818e-28,-1.93698674e-21,3.56499281e-27,8.31429651e-29,1.46419538e-26,4.44886711e-31,3.27868064e-43,-5.74672653e-21,1.94970817e-32,2.09551735e-19,3.09242446e-31,-6.95045304e-25,4.37609037e-22,-5.24547337e-29,-1.3865329e-25,2.52764903e-21,9.20442251e-24,2.79781192e-31,4.65290953e-35,-2.51099524e-29,-1.84077914e-21,1.46761271e-18,4.42038178e-26,2.39245144e-21,1.13461989e-23,1.27194248e-21,-1.03309899e-22,-2.24902364e-26,1.14043215e-18,-3.84221375e-20,-9.18944619e-29,-4.93471259e-22,2.61924037e-18,3.23541663e-24,1.79450339e-28,9.1610868e-21,4.68487298e-18,-2.44582264e-31,-1.72007804e-19,1.37932913e-18,1.40401301e-20,1.82114721e-22,6.13798552e-35,2.95035599e-18,6.26967258e-24,-3.5261965e-41,6.17309691e-19,1.27171353e-21,8.78527788e-19,-1.6807868e-22,4.70721472e-24
0.0123404255,-1.39005194,266.716044,-140677.897,300,1.17681899,0.779999997,0.0100000002,1.02856825e-20,0.210000002,9.8110191e-14,-8.66773899e-23,-9.30715001e-19,-7.80772271e-18,1.35373195e-15,2.59042383e-17,8.89393922e-27,2.55467066e-29,3.79983772e-16,1.86098726e-18,6.37261331e-17,-1.52425722e-28,1.59768477e-16,2.92398652e-17,5.83822708e-20,1.11547766e-30,3.24480619e-18,7.97854205e-24,2.36780907e-20,1.72897308e-19,4.08030615e-20,2.15786328e-17,8.88966241e-19,7.99721725e-19,3.06583271e-19,-7.17052507e-20,2.23321384e-28,2.23773583e-20,-9.58730823e-23,1.39557393e-22,6.23680594e-18,2.03946764e-20,-2.98531323e-24,-2.04023799e-36,1.40052371e-21,1.91685071e-20,-7.47907187e-20,-2.46478085e-23,1.85100575e-20,6.71026615e-20,-1.3971159e-19,1.0805311e-18,1.42494773e-20,2.82139435e-21,2.8770981e-20,1.31456722e-22,-2.1671907e-22,-2.73059809e-21,-3.77390113e-21,-3.23610558e-21,3.12102405e-26,2.30952496e-25,1.40323619e-21,1.13144029e-19,6.69852862e-22,9.82144476e-26,1.25118031e-23,7.16497769e-20,9.46441321e-28,1.40670654e-10,-2.17843172e-44,-5.17289566e-38,-8.47935177e-32,-2.63692557e-23,-1.00963357e-28,4.25096507e-32,3.34042568e-29,4.67668825e-34,3.75265058e-46,-1.26710154e-22,1.30163812e-35,3.23954068e-21,3.97034702e-34,-5.46167909e-27,9.35258425e-24,-1.80808953e-32,-7.37268979e-28,3.67161899e-23,2.3111077e-26,2.91061966e-33,-3.30839002e-39,-2.9468947e-31,-2.10168766e-23,2.06862841e-20,3.47280326e-28,3.22104826e-23,1.5267017e-25,1.88602943e-23,-1.61286227e-24,-3.11731048e-28,1.33693059e-20,-3.01839986e-22,-9.92753819e-31,-5.78815361e-24,2.86145647e-20,1.3344371e-25,7.97488676e-31,4.91062729e-22,1.71256539e-19,-7.89563249e-33,-5.75407977e-21,3.94847534e-20,3.6345733e-22,6.15548454e-24,3.64967282e-38,7.53828576e-20,1.63620787e-25,-9.05594848e-45,1.60364123e-20,3.30230746e-23,2.2823529e-20,-4.330954e-24,2.3700915e-25
0.0127659574,-1.61073897,251.898488,-140677.897,300,1.17681899,0.78,0.01,4.63900082e-22,0.21,9.9952899e-15,-1.10426722e-21,-4.1169111e-20,-2.69742009e-19,4.47688511e-17,-7.19130782e-18,1.09933305e-28,-3.55601502e-31,1.11514457e-17,4.17995599e-20,1.43969766e-18,-1.56018697e-30,5.07390862e-18,7.83982421e-19,1.36353614e-21,4.88278067e-34,6.83244355e-20,2.42446038e-25,4.55165196e-22,3.47879057e-21,8.24939956e-22,5.44747818e-19,1.7257835e-20,1.53169104e-20,5.871193e-21,-1.37827646e-21,2.81082185e-30,4.31406993e-22,-1.40879374e-24,1.71272047e-24,1.23905019e-19,2.99277615e-22,-3.93855309e-26,7.93981369e-36,2.36155977e-23,2.82434369e-22,-9.71202321e-22,-3.14000274e-25,2.99596444e-22,1.09717165e-21,-2.2389539e-21,1.60961434e-20,1.95620786e-22,3.68015143e-23,4.12116545e-22,1.88985697e-24,-2.7301248e-24,-3.15435717e-23,-4.37165212e-23,-3.75869724e-23,5.9192327e-28,3.34913984e-27,1.80096321e-23,1.44479323e-21,8.6349947e-24,1.25663603e-27,1.5476314e-25,7.39069177e-22,9.46885024e-30,1.32472468e-12,-2.15134614e-46,-5.80811585e-39,7.40138062e-35,-3.22723798e-25,1.27131264e-33,5.68179783e-37,2.66224852e-31,1.42298343e-36,3.33957835e-49,-2.41841061e-24,5.93033612e-39,4.39459659e-23,2.16317723e-34,-3.84648837e-29,1.71897464e-25,1.93528599e-35,-3.74443657e-30,4.61967856e-25,5.62510857e-29,4.02611025e-35,6.45400527e-38,-2.98805085e-33,-2.13880861e-25,2.52281171e-22,2.51148003e-30,3.75020847e-25,1.77662706e-27,2.40549219e-25,-2.17700913e-26,-3.73764843e-30,1.35698165e-22,-2.12573082e-24,-9.3752545e-33,-5.86885666e-26,2.70149951e-22,4.86654078e-27,-2.6850056e-31,2.29086523e-23,5.42873132e-21,-1.29053501e-31,-1.66389732e-22,9.781863e-22,8.13152852e-24,1.80570681e-25,8.16653681e-44,1.66464235e-21,3.71346811e-27,-8.90352469e-47,3.60096637e-22,7.41324577e-25,5.12526097e-22,-9.67220162e-26,1.03192442e-26
0.0131914894,-1.81881532,237.08093,-140677.897,300,1.17681899,0.78,0.01,1.86859674e-23,0.21,9.12800164e-16,-4.09710985e-21,-1.62315484e-21,-5.03631364e-20,1.31571404e-18,-6.50456241e-18,1.24790061e-30,1.16388494e-31,2.9065104e-19,8.31490109e-22,2.88287538e-20,-1.45918261e-32,1.4318067e-19,1.86573021e-20,2.77506481e-23,-2.42488686e-38,1.2747059e-21,2.841417e-27,7.72906788e-24,6.2161096e-23,1.47778296e-23,1.22019228e-20,2.96479826e-22,2.5960257e-22,9.95010311e-23,-2.35264783e-23,3.14099855e-32,7.35541246e-24,-1.83289832e-26,1.94423423e-26,2.17925219e-21,3.8766186e-24,-4.60069545e-28,-4.20135517e-40,3.51837398e-25,3.67832409e-24,-1.11905994e-23,-3.57797333e-27,4.27606756e-24,1.58264191e-23,-3.18486098e-23,2.11291525e-22,2.32082496e-24,4.21740417e-25,5.21821523e-24,2.39380652e-26,-3.04991059e-26,-3.27084525e-25,-4.49847704e-25,-3.87503925e-25,8.13184044e-30,4.10539302e-29,2.03333818e-25,1.62415074e-23,9.80002197e-26,1.40575656e-29,1.68750649e-27,6.73708431e-24,8.36736798e-32,1.1062891e-14,8.48965131e-48,4.37982467e-41,4.52755473e-36,-3.60591425e-27,5.06734064e-39,4.8701336e-40,2.90664725e-33,1.44527045e-39,-1.26541895e-51,-4.09654718e-26,2.69537172e-41,5.34388568e-25,3.37805208e-38,-2.4679438e-31,2.7927951e-27,1.04275528e-36,-1.82753057e-32,5.16112895e-27,1.33660981e-31,2.29987881e-37,7.94737779e-44,-2.68644151e-35,-1.97411437e-27,2.7297175e-24,1.68959813e-32,3.87261627e-27,1.83380232e-29,2.71025034e-27,-2.60567156e-28,-3.97563923e-32,1.22260852e-24,-1.36387968e-26,-7.92351444e-35,-5.27639713e-28,2.26091358e-24,1.59987115e-28,7.42809536e-33,9.52037039e-25,1.52903138e-22,-5.18279416e-31,-4.26861638e-24,2.15030578e-23,1.61253425e-25,4.71009774e-27,-3.96163037e-45,3.25826217e-23,7.50642248e-29,3.51101411e-48,7.16783887e-24,1.47535258e-26,1.02024858e-23,-1.91878368e-27,3.98554613e-28
0.0136170213,-2.01428098,222.263372,-140677.897,300,1.17681899,0.78,0.01,6.75018884e-25,0.21,7.26538494e-17,-9.6071072e-22,-5.80416851e-23,-4.46907843e-20,3.50037926e-20,-1.02728782e-18,1.32303998e-32,1.31041124e-33,6.85456974e-21,1.49354569e-23,5.21570434e-22,-1.275047e-34,3.65723233e-21,4.0157231e-22,5.04391593e-25,3.58693399e-37,2.14810642e-23,1.89729939e-29,1.18299694e-25,1.00498673e-24,2.39140449e-25,2.47127742e-22,4.59654183e-24,3.97071872e-24,1.52181898e-24,-3.63355889e-25,3.17542478e-34,1.13128794e-25,-2.14792347e-28,2.06164353e-28,3.46004462e-23,4.52415222e-26,-4.83490005e-30,3.03554121e-39,4.72527426e-27,4.31975269e-26,-1.16607697e-25,-3.70925208e-29,5.49431405e-26,2.05580325e-25,-4.09770194e-25,2.49567806e-24,2.44682688e-26,4.34056444e-27,5.958292e-26,2.72805592e-28,-3.07943191e-28,-3.09495519e-27,-4.18932071e-27,-3.61358384e-27,9.24862474e-32,4.42035693e-31,2.0634283e-27,1.64180939e-25,1.0002036e-27,1.40787672e-31,1.65612638e-29,5.53714037e-26,6.66411767e-34,8.35048201e-17,4.6972803e-49,8.5280569e-42,-3.6185632e-38,-3.72427295e-29,-2.13085005e-36,-3.85268555e-42,2.93654053e-35,3.31109779e-40,-2.64901156e-53,-6.27577434e-28,-1.30836372e-43,5.92170467e-27,7.59395993e-38,-1.46129499e-33,4.09172808e-29,-8.33030231e-39,-8.51373319e-35,5.21668387e-29,4.26304718e-34,4.31725737e-39,1.58577062e-41,-2.18292872e-37,-1.67556548e-29,2.67058016e-26,1.0667738e-34,3.61509053e-29,1.71116256e-31,2.75224813e-29,-2.81875914e-30,-3.82342886e-34,9.96374481e-27,-8.07568821e-29,-6.09767845e-37,-4.28743328e-30,1.70979905e-26,4.81352674e-30,6.23697143e-34,3.58796301e-26,3.89801793e-24,-1.17222504e-31,-9.90452355e-26,4.27447313e-25,2.88926568e-27,1.11268006e-28,2.01077962e-46,5.76215511e-25,1.37515649e-30,1.94314853e-49,1.28920265e-25,2.65322664e-28,1.83510041e-25,-3.44492825e-29,1.39185577e-29
0.0140425532,-2.19713595,207.445813,-140677.897,300,1.17681899,0.78,0.01,1.27570993e-26,0.21,2.97064653e-18,1.76730061e-22,-1.88697878e-24,-9.80748336e-22,8.55391526e-22,1.74179659e-19,1.32146305e-34,-3.99786404e-35,1.48435078e-22,2.45961112e-25,8.65512853e-24,-1.05279793e-36,8.58003937e-23,7.93377813e-24,8.34041782e-27,7.57780835e-41,3.31959316e-25,1.22933878e-31,1.65793679e-27,1.49187112e-26,3.54911672e-27,4.59336509e-24,6.53088759e-26,5.56581276e-26,2.13307267e-26,-5.1528598e-27,2.94740876e-36,1.59410976e-27,-2.30038295e-30,2.0591753e-30,5.03561046e-25,4.83301379e-28,-4.63298792e-32,-4.9268275e-43,5.81114603e-29,4.64645924e-28,-1.11528271e-27,-3.5456736e-31,6.45849791e-28,2.44353289e-27,-4.83967314e-27,2.6958041e-26,2.33978381e-28,4.08038492e-29,6.2314586e-28,2.84302304e-30,-2.85264855e-30,-2.70680759e-29,-3.58290924e-29,-3.09349815e-29,9.20527376e-34,4.28782763e-33,1.91360062e-29,1.51717983e-27,9.3320998e-30,1.28516489e-33,1.48672348e-31,4.16792116e-28,4.85955824e-36,5.78291889e-19,1.96557295e-52,6.0386426e-44,1.09053117e-42,-3.59225259e-31,-1.04847509e-41,9.70945398e-46,2.72604598e-37,3.43799639e-43,-3.79891319e-55,-8.82502621e-30,3.82698994e-47,6.05897147e-29,1.16476714e-41,-8.0700858e-36,5.48729328e-31,3.42862887e-43,-3.87176152e-37,4.84125529e-31,9.83623367e-37,1.20708691e-41,2.17683101e-47,-1.62737973e-39,-1.32259512e-31,2.39775523e-28,6.36890352e-37,3.09660783e-31,1.46519375e-33,2.5588971e-31,-2.79750702e-32,-3.37444377e-36,7.45417789e-29,-4.45978589e-31,-4.33075653e-39,-3.19624868e-32,1.18606651e-28,1.34172204e-31,1.17265175e-35,1.243725e-27,9.12698927e-26,3.65410043e-32,-2.1101574e-27,7.7987116e-27,4.74837743e-29,2.41486644e-30,1.55747804e-48,9.34664656e-27,2.31284371e-32,8.24613592e-53,2.1269091e-27,4.37689819e-30,3.02766899e-27,-5.68019052e-31,4.46132461e-31
0.0144680851,-2.36738024,192.628255,-140677.897,300,1.17681899,0.78,0.01,-9.77113786e-27,0.21,-6.29155877e-19,1.89655913e-26,-3.41650367e-26,-1.92325573e-23,1.94194372e-23,3.52005723e-21,1.2520058e-36,2.06749743e-38,2.98690137e-24,3.75962794e-27,1.33350741e-25,-8.51400283e-39,1.87089099e-24,1.4561744e-25,1.27299903e-28,8.89792568e-46,4.76226757e-27,7.79612685e-34,2.15456738e-29,2.05781663e-28,4.89010233e-29,7.93033468e-26,8.61010742e-28,7.23899112e-28,2.77423712e-28,-6.79023999e-29,2.54198335e-38,2.08385359e-29,-2.28115884e-32,1.951164e-32,6.8011789e-27,4.78650257e-30,-4.09812284e-34,1.84449409e-48,6.62716911e-31,4.63551264e-30,-9.90936042e-30,-3.15975338e-33,7.03558463e-30,2.69195306e-29,-5.31033491e-29,2.6978863e-28,2.06130997e-30,3.55081513e-31,6.04475803e-30,2.74485903e-32,-2.45428637e-32,-2.21102343e-31,-2.84771269e-31,-2.4604437e-31,8.26935351e-36,3.81562523e-35,1.6433583e-31,1.29858591e-29,8.06484121e-32,1.08442135e-35,1.23673066e-33,2.90964146e-30,3.28585216e-38,3.71903171e-21,9.40150118e-59,5.40523231e-49,9.88537171e-46,-3.2640525e-33,-5.01146837e-47,2.00251507e-47,2.34988357e-39,3.35583911e-46,-4.97080972e-57,-1.15287594e-31,-8.18650978e-53,5.78633937e-31,1.85060546e-45,-4.19381051e-38,6.81438377e-33,6.66617907e-47,-1.70715734e-39,4.17466071e-33,2.18019186e-39,7.7700169e-44,7.98874629e-51,-1.1266316e-41,-9.80056896e-34,1.99960554e-30,3.61904344e-39,2.46350612e-33,1.16522322e-35,2.20592711e-33,-2.57820219e-34,-2.76622546e-38,5.18109414e-31,-2.3176211e-33,-2.86971694e-41,-2.2127369e-34,7.63924162e-31,3.50007028e-33,8.65078355e-40,4.01137197e-29,1.98620874e-27,2.34281851e-36,-4.17872522e-29,1.32173654e-28,7.24552395e-31,4.87091157e-32,4.82590313e-50,1.40764121e-28,3.60695055e-34,1.47977072e-58,3.25806482e-29,6.70431397e-32,4.63809324e-29,-8.70466385e-33,1.32844458e-32
0.014893617,-2.52501383,177.810697,-140677.897,300,1.17681899,0.78,0.01,-1.30958555e-27,0.21,1.53956395e-20,2.20219596e-30,1.39386586e-27,-3.60768821e-25,4.13032292e-25,6.64540105e-23,1.13236714e-38,2.88940772e-42,5.64083202e-26,5.38867456e-29,1.92691119e-27,-6.83097518e-41,3.82932355e-26,2.50784414e-27,1.81450285e-30,1.25161344e-48,6.40696179e-29,4.91473299e-36,2.62344352e-31,2.66373984e-30,6.31891237e-31,1.28455903e-27,1.06414743e-29,8.82631783e-30,3.38249475e-30,-8.39753132e-31,2.05737702e-40,2.55330699e-31,-2.12033209e-34,1.76492918e-34,8.61236172e-29,4.44104841e-32,-3.38681258e-36,-1.24718775e-50,7.08194294e-33,4.3340525e-32,-8.26120299e-32,-2.6496555e-35,7.17838424e-32,2.7779166e-31,-5.46745207e-31,2.52831255e-30,1.69385816e-32,2.89183451e-33,5.49534108e-32,2.48149521e-34,-1.98120275e-34,-1.70163196e-33,-2.12429143e-33,-1.83633357e-33,6.84050221e-38,3.15799411e-37,1.32106732e-33,1.04063311e-31,6.52541827e-34,8.5549323e-38,9.63489827e-36,1.90352286e-32,2.08176212e-40,2.24348625e-23,5.58705586e-65,3.40956474e-50,9.8435649e-49,-2.81482514e-35,-2.3951035e-52,1.71650894e-49,1.89886601e-41,3.36221756e-49,-6.09437789e-59,-1.4132071e-33,-3.74680589e-56,5.20478935e-33,2.47723698e-49,-2.06652509e-40,7.91008335e-35,1.1463248e-50,-7.32134166e-42,3.37828953e-35,4.79205385e-42,4.69368259e-46,2.17626771e-55,-7.31625394e-44,-6.872483e-36,1.56447587e-32,1.96857306e-41,1.83856393e-35,8.69338015e-38,1.78169461e-35,-2.22875133e-36,-2.12743399e-40,3.37919003e-33,-1.14201618e-35,-1.79032502e-43,-1.43692157e-36,4.61473352e-33,8.61831401e-35,-2.25830132e-42,1.21545423e-30,4.05723626e-29,2.72035033e-40,-7.7706179e-31,2.10176706e-30,1.03692125e-32,9.21861687e-34,3.05432586e-52,1.9883208e-30,5.25821786e-36,2.24125308e-64,4.6810459e-31,9.63214754e-34,6.66410373e-31,-1.252159e-34,3.71179398e-34
0.0153191489,-2.67003674,162.993139,-140677.897,300,1.17681899,0.78,0.01,-9.21988702e-29,0.21,9.9354626e-22,2.55693788e-34,1.676872e-28,-6.41361647e-27,8.28031728e-27,1.18781537e-24,9.83110927e-41,-3.75968122e-44,1.00824477e-27,7.30511342e-31,2.63381503e-29,-5.57044555e-43,7.41924531e-28,4.08718667e-29,2.43875926e-32,2.57840042e-50,8.15335342e-31,3.16349126e-38,3.01928457e-33,3.26321706e-32,7.72356204e-33,1.96884797e-29,1.24372775e-31,1.01767072e-31,3.89995233e-32,-9.82901769e-33,1.57590911e-42,2.95809797e-33,-1.86911658e-36,1.53248178e-36,1.03140155e-30,3.89450073e-34,-2.64755166e-38,-4.24150556e-53,7.15410782e-35,3.83105151e-34,-6.51715032e-34,-2.10762086e-37,6.92128357e-34,2.70917653e-33,-5.32697948e-33,2.23875423e-32,1.31147493e-34,2.22435598e-35,4.72325709e-34,2.11963327e-36,-1.51365425e-36,-1.24323415e-35,-1.49981544e-35,-1.29698779e-35,5.28589065e-40,2.457562e-39,1.00313737e-35,7.87842249e-34,4.98811198e-36,6.36953288e-40,7.09299868e-38,1.17729396e-34,1.24672756e-42,1.28035676e-25,6.18358351e-71,4.6753603e-52,6.29478019e-52,-2.31888653e-37,-8.63159728e-58,2.41640925e-51,1.44978668e-43,3.35081495e-52,-7.06991667e-61,-1.63934702e-35,-1.88425956e-59,4.44400853e-35,-5.76100207e-52,-9.71971013e-43,8.65075238e-37,2.74605957e-54,-3.06254245e-44,2.58731661e-37,1.03734462e-44,2.68213046e-48,4.93108666e-58,-4.49484905e-46,-4.59231243e-38,1.15815752e-34,1.03028584e-43,1.29825177e-37,6.13662501e-40,1.36020406e-37,-1.82268169e-38,-1.54809741e-42,2.08567567e-35,-5.37134429e-38,-1.05977615e-45,-8.82787316e-39,2.63701336e-35,2.01790573e-36,-6.16482088e-45,3.48843112e-32,7.84504251e-31,3.15855697e-44,-1.36877588e-32,3.1624221e-32,1.40374599e-34,1.65033944e-35,4.07003511e-53,2.65683007e-32,7.21513772e-38,3.30082689e-70,6.36238838e-33,1.30915628e-35,9.05808157e-33,-1.70510904e-36,9.814629e-36
0.0157446809,-2.80244896,148.175581,-140677.897,300,1.17681899,0.78,0.01,-4.9027857e-30,0.21,6.1291479e-23,2.9686203e-38,1.00745953e-29,-1.08984602e-28,1.56883416e-28,2.02481768e-26,8.23393503e-43,3.16382277e-46,1.71814576e-29,9.43658947e-33,3.43062387e-31,-4.68438843e-45,1.37063754e-29,6.3499668e-31,3.11609744e-34,4.04042258e-52,9.88763346e-33,2.15802037e-40,3.30922888e-35,3.81099221e-34,8.99622458e-35,2.87647261e-31,1.38494369e-33,1.11793064e-33,4.28413346e-34,-1.09681066e-34,1.15080054e-44,3.26480728e-35,-1.58017105e-38,1.28366273e-38,1.17691529e-32,3.25246218e-36,-1.98299783e-40,6.68679833e-55,6.88374587e-37,3.22586514e-36,-4.90086929e-36,-1.6014481e-39,6.35485598e-36,2.51616743e-35,-4.94756588e-35,1.88752147e-34,9.64857274e-37,1.62857546e-37,3.86718924e-36,1.72387473e-38,-1.10274448e-38,-8.68034047e-38,-1.00955249e-37,-8.73261747e-38,3.85775101e-42,1.81438784e-41,7.25106598e-38,5.67875527e-36,3.63024251e-38,4.51174774e-42,4.97227158e-40,6.93584234e-37,7.11148587e-45,6.96394792e-28,3.78405634e-74,9.08916609e-54,3.15237799e-55,-1.8354694e-39,8.73702131e-62,3.51672296e-53,1.05265728e-45,3.32342636e-55,-7.81843651e-63,-1.8128684e-37,-7.32206777e-63,3.62631249e-37,-4.7876068e-54,-4.38926341e-45,8.97551846e-39,9.32036904e-58,-1.25284447e-46,1.88908675e-39,2.21494437e-47,1.46058073e-50,4.48556581e-60,-2.63187273e-48,-2.94213372e-40,8.17207882e-37,5.21210711e-46,8.73759145e-40,4.12884132e-42,9.8899884e-40,-1.42059263e-40,-1.07375949e-44,1.22716662e-37,-2.42560228e-40,-5.99279631e-48,-5.16895516e-41,1.43601368e-37,4.52186037e-38,-1.21594918e-46,9.55139478e-34,1.44637974e-32,3.66710064e-48,-2.30117536e-34,4.53556101e-34,1.81095345e-36,2.8143894e-37,-1.7555158e-55,3.38330726e-34,9.37712033e-40,1.61255656e-74,8.24151202e-35,1.69579236e-37,1.17337724e-34,-2.21413782e-38,2.47401169e-37
0.0161702128,-2.9222505,133.358023,-140677.897,300,1.17681899,0.78,0.01,-2.2056724e-31,0.21,3.63603666e-24,3.44220706e-42,4.74147042e-31,-1.78651488e-30,2.80105368e-30,3.31282544e-28,6.68276598e-45,6.76892441e-48,2.80941655e-31,1.16919176e-34,4.28592102e-33,-4.07707926e-47,2.42993153e-31,9.46551363e-33,3.8119858e-36,-2.46836823e-55,1.15014722e-34,1.61097682e-42,3.47701208e-37,4.27030355e-36,1.00507037e-36,4.0318768e-33,1.47902294e-35,1.17775692e-35,4.51337137e-36,-1.17437799e-36,8.06336393e-47,3.45539107e-37,-1.2944068e-40,1.04195014e-40,1.28801546e-34,2.60406334e-38,-1.44163844e-42,-7.7186914e-57,6.3509542e-39,2.6046487e-38,-3.53582971e-38,-1.16963376e-41,5.59357213e-38,2.24040038e-37,-4.40876166e-37,1.52547154e-36,6.7940961e-39,1.14270031e-39,3.03616738e-38,1.34390085e-40,-7.71126469e-41,-5.82624932e-40,-6.5203791e-40,-5.64123812e-40,2.68274164e-44,1.28048805e-43,5.02321373e-40,3.9234411e-38,2.53240872e-40,3.0615169e-44,3.34142361e-42,3.91808041e-39,3.88936314e-47,3.63340514e-30,5.11465807e-78,-8.5715429e-56,1.34082959e-58,-1.40313682e-41,2.70176963e-65,4.9287091e-55,7.30584527e-48,3.28201289e-58,-8.29576409e-65,-1.92351794e-39,-2.42823003e-66,2.84501013e-39,-3.36897423e-56,-1.91309063e-47,8.89078769e-41,3.49094203e-61,-5.02486509e-49,1.32341674e-41,4.67175657e-50,7.62911163e-53,3.92258886e-62,-1.47827497e-50,-1.81710905e-42,5.5318679e-39,2.55942153e-48,5.64142981e-42,2.66498986e-44,6.89432406e-42,-1.06207792e-42,-7.14481703e-47,6.92757257e-40,-1.05721162e-42,-3.25680473e-50,-2.9032887e-43,7.50082154e-40,9.75362814e-40,-4.20303141e-50,2.51063978e-35,2.55903138e-34,4.25218295e-52,-3.71684938e-36,6.24045572e-36,2.2408988e-38,4.60054681e-39,-2.85908791e-57,4.13281584e-36,1.16109799e-41,2.17426701e-78,1.02406611e-36,2.10712424e-39,1.45804379e-36,-2.75936557e-40,5.98370697e-39
0.0165957447,-3.02944134,118.540465,-140677.897,300,1.17681899,0.78,0.01,-8.84765057e-33,0.21,2.08548278e-25,3.58320244e-46,1.93959173e-32,-2.85785869e-32,4.64822435e-32,5.23191957e-30,5.27764644e-47,1.22189796e-50,4.43331331e-33,1.39755911e-36,5.16554898e-35,-3.65030494e-49,4.15778054e-33,1.36158742e-34,4.49252295e-38,1.89438676e-56,1.29076105e-36,1.31822647e-44,3.52288273e-39,4.61746125e-38,1.08329973e-38,5.45332091e-35,1.52368375e-37,1.19693716e-37,4.58685319e-38,-1.21348276e-38,5.45228208e-49,3.52758987e-39,-1.03649477e-42,8.22950746e-43,1.3598527e-36,2.01064864e-40,-1.02961865e-44,-6.19594729e-59,5.65143201e-41,2.02852829e-40,-2.46158894e-40,-8.25684586e-44,4.74806942e-40,1.92385056e-39,-3.79103404e-39,1.1888621e-38,4.60804054e-41,7.73016027e-42,2.29924973e-40,1.01026509e-42,-5.20602886e-43,-3.77951095e-42,-4.06406611e-42,-3.51661897e-42,1.79090161e-46,8.6954898e-46,3.35506314e-42,2.61382841e-40,1.70343751e-42,2.00233415e-46,2.16542316e-44,2.13483024e-41,2.05158045e-49,1.82903159e-32,-1.07296917e-81,1.87982558e-57,5.05141969e-62,-1.04081314e-43,7.26060927e-69,6.66638873e-57,4.86467085e-50,3.22862848e-61,-8.49432074e-67,-1.96953729e-41,-7.18953622e-70,2.15762166e-41,-2.2758669e-58,-8.08636067e-50,8.45787684e-43,1.25209579e-64,-1.98060813e-51,8.94704406e-44,9.74754221e-53,3.8445497e-55,3.08239565e-64,-8.01126627e-53,-1.08726634e-44,3.61321372e-41,1.22467843e-50,3.51448897e-44,1.65974675e-46,4.63507892e-44,-7.66104478e-45,-4.58732149e-49,3.77380494e-42,-4.46866807e-45,-1.7102343e-52,-1.57337951e-45,3.77992948e-42,2.03563503e-41,-1.65994626e-50,6.3713919e-37,4.36981832e-36,4.52001821e-56,-5.80145293e-38,8.28470487e-38,2.67516399e-40,7.24950921e-41,6.40955769e-60,4.87078741e-38,1.37763031e-43,-4.32055979e-82,1.22773235e-38,2.52617345e-41,1.7480547e-38,-3.31938301e-42,1.39663174e-40
0.0170212766,-3.1240215,103.722907,-140677.897,300,1.17681899,0.78,0.01,-3.26018337e-34,0.21,1.16214996e-26,-2.18952371e-49,7.21079581e-34,-4.53607691e-34,6.88246656e-34,8.0170959e-32,4.07116346e-49,2.65326476e-51,6.78667598e-35,1.6201578e-38,6.0377177e-37,-3.32606205e-51,6.90207262e-35,1.89994975e-36,5.12916313e-40,2.20998488e-58,1.40493035e-38,1.14336897e-46,3.46033213e-41,4.84322038e-40,1.13240238e-40,7.15471387e-37,1.52225843e-39,1.17966533e-39,4.52065095e-40,-1.21638043e-40,3.57643387e-51,3.49222206e-41,-8.16844833e-45,6.34878036e-45,1.39235656e-38,1.50516386e-42,-7.29354445e-47,-2.36178401e-61,4.87634908e-43,1.53196327e-42,-1.66231488e-42,-5.66210442e-46,3.90764137e-42,1.60176575e-41,-3.16213967e-41,8.9826808e-41,3.027378e-43,5.06903664e-44,1.68842882e-42,7.36280648e-45,-3.41101861e-45,-2.3812454e-44,-2.45726134e-44,-2.12648204e-44,1.15504312e-48,5.71501313e-48,2.17221233e-44,1.68818491e-42,1.11083574e-44,1.26918243e-48,1.36055525e-46,1.12791724e-43,1.0493094e-51,8.93007877e-35,-4.08952628e-84,-3.54672287e-59,1.7300911e-65,-7.52364186e-46,1.8266362e-72,8.74634409e-59,3.1134894e-52,3.1653522e-64,-8.4372986e-69,-1.95630302e-43,-1.95293919e-73,1.58954979e-43,-1.49154898e-60,-3.3292196e-52,7.77091046e-45,4.16828176e-68,-7.6896592e-54,5.86762661e-46,2.0147321e-55,1.87897868e-57,2.24718835e-66,-4.21094748e-55,-6.33133834e-47,2.28912732e-43,5.73079645e-53,2.12365716e-46,1.00262852e-48,3.02139936e-46,-5.35973375e-47,-2.85682168e-51,1.99417648e-44,-1.83978131e-47,-8.7210863e-55,-8.2700791e-48,1.84741814e-44,4.13027259e-43,-7.37316315e-53,1.56907357e-38,7.2393641e-38,-1.19735907e-59,-8.7958637e-40,1.06679791e-39,3.09719655e-42,1.1070178e-42,3.45767376e-62,5.56778388e-40,1.57522797e-45,-1.68603339e-84,1.42762611e-40,2.93745782e-43,2.03269208e-40,-3.87437792e-44,3.16229482e-42
0.0174468085,-3.20599097,88.9053486,-140677.897,300,1.17681899,0.78,0.01,-1.12499664e-35,0.21,6.32058169e-28,-2.93119979e-51,2.49758049e-35,-7.32537048e-36,7.91740357e-36,1.19764355e-33,3.07852486e-51,4.67017463e-53,1.0126925e-36,1.83039577e-40,6.87718892e-39,-3.05271886e-53,1.1169086e-36,2.58412644e-38,5.70189962e-42,4.83316769e-61,1.49030477e-40,1.00342789e-48,3.31124572e-43,4.9514271e-42,1.15358286e-42,9.14921847e-39,1.48203773e-41,1.13297957e-41,4.34173516e-42,-1.18847666e-42,2.28670405e-53,3.36881691e-43,-6.36386685e-47,4.80117993e-47,1.38930525e-40,1.0977821e-44,-5.1539242e-49,-3.45604214e-63,4.09980443e-45,1.12735936e-44,-1.0941222e-44,-3.78894387e-48,3.1333446e-44,1.29936785e-43,-2.57079127e-43,6.61238911e-43,1.9364294e-45,3.23808262e-46,1.208166e-44,5.22785342e-47,-2.17929014e-47,-1.46373606e-46,-1.44816855e-46,-1.25332135e-46,7.23822859e-51,3.65454969e-50,1.37002429e-46,1.06225881e-44,7.05731014e-47,7.83548762e-51,8.3287372e-49,5.80667881e-46,5.22926012e-54,4.24918623e-37,-3.32449136e-88,-1.8282457e-61,5.48716575e-69,-5.32094872e-48,4.37102046e-76,1.11846504e-60,1.9138684e-54,3.09423107e-67,-8.16881664e-71,-1.89404358e-45,-4.96290537e-77,1.14274069e-45,-9.53142917e-63,-1.34049469e-54,6.93327565e-47,1.29201363e-71,-2.94711302e-56,3.75078145e-48,4.13110694e-58,8.94944575e-60,1.55154426e-68,-2.1571492e-57,-3.60315862e-49,1.41346654e-45,2.63139119e-55,1.25066781e-48,5.9030417e-51,1.91895361e-48,-3.65437138e-49,-1.7339942e-53,1.02709938e-46,-7.40777524e-50,-4.33832425e-57,-4.23650493e-50,8.79927226e-47,8.18299277e-45,6.3918967e-55,3.76756017e-40,1.16911371e-39,-4.09207122e-61,-1.30137882e-41,1.33880681e-41,3.49428491e-44,1.64619039e-44,2.70583316e-63,6.20279898e-42,1.74585803e-47,-1.39550174e-88,1.61789933e-42,3.32894368e-45,2.30362519e-42,-4.40866105e-46,6.97928225e-44
0.0178723404,-3.27534975,74.0877905,-140677.897,300,1.17681899,0.78,0.01,-3.68554364e-37,0.21,3.36916666e-29,-5.97153855e-53,8.19093546e-37,-1.24645382e-37,1.79010955e-38,1.75189933e-35,2.2896961e-53,3.78270063e-54,1.47951479e-38,2.02432686e-42,7.66801934e-41,-2.80181611e-55,1.76970061e-38,3.4410651e-40,6.20068178e-44,7.39118229e-63,1.5475745e-42,8.56073981e-51,3.10096624e-45,4.95592965e-44,1.1503773e-44,1.1454375e-40,1.4124056e-43,1.06515637e-43,4.08182152e-44,-1.1369103e-44,1.43149031e-55,3.18098775e-45,-4.91264065e-49,3.57118436e-49,1.35701017e-42,7.83611906e-47,-3.63892816e-51,-3.53611163e-66,3.37384289e-47,8.12047065e-47,-7.05029227e-47,-2.48460262e-50,2.45904824e-46,1.03166374e-45,-2.04619977e-45,4.76389402e-45,1.21160932e-47,2.02423602e-48,8.46204835e-47,3.63286957e-49,-1.36361499e-49,-8.81559022e-49,-8.35589344e-49,-7.23201678e-49,4.43016365e-53,2.28479578e-52,8.4559587e-49,6.54159837e-47,4.38803757e-49,4.73329969e-53,4.99001949e-51,2.92600032e-48,2.5507101e-56,1.97931048e-39,-5.85530214e-91,-1.31932539e-63,1.63488709e-72,-3.69544394e-50,1.00921555e-79,1.40027492e-62,1.12396453e-56,3.01723397e-70,-7.74329534e-73,-1.79537591e-47,-1.19824169e-80,8.05064536e-48,-5.96497215e-65,-5.29874987e-57,6.0388902e-49,3.7671488e-75,-1.11732668e-58,2.34740229e-50,8.41636669e-61,4.1726543e-62,1.02840362e-70,-1.08178945e-59,-2.01190648e-51,8.54432061e-48,1.18938e-57,7.21062524e-51,3.40241146e-53,1.19286606e-50,-2.43915004e-51,-1.03036124e-55,5.17914557e-49,-2.92816282e-52,-2.11428941e-59,-2.12455579e-52,4.10272911e-49,1.58961233e-46,-7.67572246e-57,8.85916759e-42,1.84865773e-41,-2.20605087e-63,-1.88677421e-43,1.64485201e-43,3.85856623e-46,2.39501497e-46,-4.27678011e-66,6.76484579e-44,1.88654587e-49,-2.41133519e-91,1.79496776e-44,3.69325642e-47,2.55574882e-44,-4.91230989e-48,1.5081307e-45
0.0182978723,-3.33209785,59.2702324,-140677.897,300,1.17681899,0.78,0.01,-1.15832692e-38,0.21,1.76720536e-30,5.32735685e-55,2.57328384e-38,-2.32027338e-39,-3.05001652e-39,2.51979532e-37,1.68042988e-55,-3.9084753e-56,2.12518831e-40,2.2008686e-44,8.40480065e-43,-2.56150912e-57,2.75699406e-40,4.50501915e-42,6.62529495e-46,1.19794039e-65,1.57983562e-44,6.80147192e-53,2.85427353e-47,4.87683236e-46,1.12773423e-46,1.40985341e-42,1.32319096e-45,9.84388461e-46,3.77230474e-46,-1.06927727e-46,8.810502e-58,2.95253033e-47,-3.76085556e-51,2.62107732e-51,1.30298181e-44,5.49776066e-49,-2.56333405e-53,-1.67518683e-67,2.72911138e-49,5.74967712e-49,-4.46638244e-49,-1.60286946e-52,1.89687783e-48,8.05125091e-48,-1.60118911e-47,3.37340123e-47,7.44825834e-50,1.24367327e-50,5.82596412e-49,2.48127308e-51,-8.39038487e-52,-5.22286326e-51,-4.74009801e-51,-4.10269927e-51,2.66094734e-55,1.40287444e-54,5.12940995e-51,3.95943673e-49,2.68161432e-51,2.80990542e-55,2.93855661e-53,1.44929455e-50,1.22294945e-58,9.06368757e-42,-2.33189525e-95,1.60861539e-64,4.63118544e-76,-2.52920721e-52,2.27953475e-83,1.72352956e-64,6.21717752e-59,2.93621677e-73,-7.21634974e-75,-1.67319405e-49,-2.78383975e-84,5.5802492e-50,-3.67076784e-67,-2.06363734e-59,5.16114193e-51,1.04440677e-78,-4.19896165e-61,1.44435911e-52,1.70718854e-63,1.9124853e-64,6.60930145e-73,-5.33324883e-62,-1.10633321e-53,5.07770537e-50,5.30818578e-60,4.08695129e-53,1.92794583e-55,7.28844821e-53,-1.60046666e-53,-6.01907673e-58,2.56754183e-51,-1.14039276e-54,-1.01355889e-61,-1.04740651e-54,1.88049184e-51,3.03957976e-48,3.42202635e-58,2.04851262e-43,2.87415158e-43,-3.46438094e-65,-2.69054673e-45,1.98672907e-45,4.18685271e-48,3.42429538e-48,1.15347302e-67,7.25302171e-46,1.99921037e-51,-9.50833482e-96,1.95774102e-46,4.02815419e-49,2.78751129e-46,-5.3819196e-50,3.20408343e-47
0.0187234043,-3.37623526,44.4526743,-140677.897,300,1.17681899,0.78,0.01,-3.52208604e-40,0.21,9.15588211e-32,-3.03663617e-57,7.81482789e-40,-4.82914316e-41,-1.4524609e-40,3.57777167e-39,1.22071144e-57,-5.56446903e-59,3.01327779e-42,2.36170311e-46,9.09268712e-45,-2.329819e-59,4.2398258e-42,5.82175288e-44,6.98418981e-48,1.78519522e-68,1.59182043e-46,-1.17749033e-54,2.59272265e-49,4.73698711e-48,1.09116417e-48,1.71286252e-44,1.22346519e-47,8.9789337e-48,3.44084247e-48,-9.92680238e-49,5.35269467e-60,2.70471991e-49,-2.85606978e-53,1.90411766e-53,1.23482313e-46,3.80649717e-51,-1.79675044e-55,-2.78303687e-70,2.1787232e-51,4.01787536e-51,-2.79281715e-51,-1.02108917e-54,1.44404369e-50,6.20099513e-50,-1.23674506e-49,2.35740322e-49,4.51732046e-52,7.54032205e-53,3.95868201e-51,1.6724623e-53,-5.09641272e-54,-3.05559108e-53,-2.6541732e-53,-2.29732253e-53,1.57554077e-57,8.49572168e-57,3.07050043e-53,2.36503759e-51,1.61724779e-53,1.6459848e-57,1.70777369e-55,7.08472486e-53,5.78672789e-61,4.0965175e-44,3.73657539e-97,2.36560114e-67,1.2605166e-79,-1.71159781e-54,5.10417489e-87,2.09396547e-66,3.12499228e-61,2.85289814e-76,-6.63834947e-77,-1.53917606e-51,-6.28972825e-88,3.82002647e-52,-2.22989538e-69,-7.94591875e-62,4.34930144e-53,2.78099078e-82,-1.5672758e-63,8.77227109e-55,3.45970996e-66,8.65149507e-67,4.15101196e-75,-2.59515154e-64,-6.01263326e-56,2.9784356e-52,2.3460617e-62,2.28641411e-55,1.07828315e-57,4.39489093e-55,-1.03651072e-55,-3.47057278e-60,1.25637518e-53,-4.39101209e-57,-4.79784952e-64,-5.09664424e-57,8.50709284e-54,5.74252874e-50,1.11876624e-59,4.67637089e-45,4.41101602e-45,-6.79727031e-67,-3.78708501e-47,2.36861891e-47,4.47880336e-50,4.83212315e-50,2.70381595e-70,7.67551513e-48,2.09019969e-53,1.54540591e-97,2.10757571e-48,4.33643083e-51,3.00084695e-48,-5.82065135e-52,6.71945306e-49
0.0191489362,-3.40776198,29.6351162,-140677.897,300,1.17681899,0.78,0.01,-1.04322106e-41,0.21,4.70276147e-33,2.57160195e-60,2.31071513e-41,-1.11454303e-42,-5.02762996e-42,5.03389007e-41,8.80362932e-60,-1.67436705e-60,4.23356764e-44,2.51099204e-48,9.74670487e-47,-2.10955018e-61,6.4609145e-44,7.45465846e-46,7.29187274e-50,-8.08503761e-70,1.58916824e-48,-3.37981439e-54,2.33333133e-51,4.56184525e-50,1.04608116e-50,2.06197035e-46,1.12083845e-49,8.11455332e-50,3.10959997e-50,-9.13155249e-51,3.22227873e-62,2.45485653e-51,-2.15310429e-55,1.37328475e-55,1.15946353e-48,2.6109969e-53,-1.25071821e-57,-1.24752047e-72,1.7232549e-53,2.78176393e-53,-1.7303418e-53,-6.4465481e-57,1.08912324e-52,4.73170843e-52,-9.46509492e-52,1.63210856e-51,2.71374793e-54,4.52906507e-55,2.66504061e-53,1.11682538e-55,-3.06734518e-56,-1.77179942e-55,-1.47258573e-55,-1.27461729e-55,9.23532178e-60,5.09521784e-59,1.82089753e-55,1.39954931e-53,9.66277339e-56,9.55150882e-60,9.83282866e-58,3.43126573e-55,2.7128002e-63,1.83448317e-46,-6.31212923e-101,4.86824693e-69,3.3325868e-83,-1.1490463e-56,1.14708297e-90,2.52075723e-68,1.28039521e-63,2.76884543e-79,-6.05082298e-79,-1.40295025e-53,-1.39373217e-91,2.59214877e-54,-1.3422269e-71,-3.03497943e-64,3.6304679e-55,7.1767324e-86,-5.82158503e-66,5.2791032e-57,7.05725157e-69,3.87760236e-69,2.56456845e-77,-1.25119429e-66,-3.24070736e-58,1.73103905e-54,1.02977939e-64,1.26737997e-57,5.9754156e-60,2.62552759e-57,-6.65106076e-58,-1.98276046e-62,6.09153675e-56,-1.6771653e-59,-2.25096356e-66,-2.45722355e-59,3.81306756e-56,1.07580034e-51,6.6180864e-61,1.05791663e-46,6.70812519e-47,2.26410036e-69,-5.2798387e-49,2.79814803e-49,4.73187268e-52,6.75780019e-52,5.82764034e-72,8.04811381e-50,2.16749365e-55,-2.57972253e-101,2.24807309e-50,4.62549857e-53,3.20088678e-50,-6.23787818e-54,1.39634545e-50
0.0195744681,-3.42667801,14.8175581,-140677.897,300,1.17681899,0.78,0.01,-3.00438966e-43,0.21,2.40319582e-34,-1.0399357e-60,6.63859991e-43,-2.73211224e-44,-1.52614297e-43,7.04444681e-43,6.33099657e-62,-1.89969793e-62,5.91583103e-46,2.65503731e-50,1.03909033e-48,-1.90494608e-63,9.79234452e-46,9.4937341e-48,7.56413892e-52,-5.03442655e-72,1.57784943e-50,-2.64656516e-55,2.08834247e-53,4.38597574e-52,9.97380124e-53,2.4687319e-48,1.02119143e-51,7.29317601e-52,2.7948374e-52,-8.35434982e-53,1.92931525e-64,2.21584494e-53,-1.61336127e-57,9.87611568e-58,1.08274061e-50,1.78096306e-55,-8.642327e-60,-5.23646864e-75,1.35550049e-55,1.91535281e-55,-1.06621362e-55,-4.04805151e-59,8.16901628e-55,3.59064359e-54,-7.2043754e-54,1.12371466e-53,1.6210575e-56,2.70527085e-57,1.78427283e-55,7.41659667e-58,-1.8359761e-58,-1.02195448e-57,-8.1256566e-58,-7.03334413e-58,5.38128347e-62,3.03822566e-61,1.07385434e-57,8.23620912e-56,5.74137295e-58,5.51172313e-62,5.63014158e-60,1.65266801e-57,1.26473493e-65,8.17008379e-49,-6.35650413e-104,3.35648093e-70,8.88006202e-87,-7.68439129e-59,2.60268746e-94,3.01804398e-70,2.16821055e-66,2.68774996e-82,-5.48527851e-81,-1.2718218e-55,-3.03127547e-95,1.75027838e-56,-8.03494761e-74,-1.1542233e-66,3.0147341e-57,1.79764593e-89,-2.16019443e-68,3.15968438e-59,1.4774051e-71,1.72838646e-71,1.56756975e-79,-5.99934257e-69,-1.73902744e-60,1.00056541e-56,4.50658636e-67,6.98682702e-60,3.29325783e-62,1.55983973e-59,-4.24447153e-60,-1.1265723e-64,2.93736805e-58,-6.37836767e-62,-1.0504712e-68,-1.17820802e-61,1.69972431e-58,2.00725058e-53,-1.85843762e-64,2.38050109e-48,1.01463596e-48,3.24578245e-71,-7.31696806e-51,3.28772391e-51,4.93041741e-54,9.40251266e-54,5.50789346e-73,8.39273747e-52,2.23910907e-57,-2.62805929e-104,2.38485201e-52,4.90691935e-55,3.39563338e-52,-6.64871141e-56,2.88601155e-52
0.02,-3.43298335,0,-140677.897,300,1.17681899,0.78,0.01,-6.54457265e-45,0.21,1.22570504e-35,-3.62998116e-63,1.41885818e-44,-3.7903678e-46,-2.40513249e-45,9.8404236e-45,6.73820398e-64,1.03704667e-65,8.25159931e-48,2.8022613e-52,1.1057715e-50,-2.89250486e-65,1.48145016e-47,1.20685317e-49,7.83820917e-54,-3.03019964e-73,1.56372655e-52,-2.79876157e-57,1.86562925e-55,4.19076756e-54,9.49210073e-55,2.95033076e-50,9.28687535e-54,6.54284144e-54,2.50729978e-54,-7.62951409e-55,2.28325418e-66,1.9964079e-55,-1.20636893e-59,8.90746946e-60,1.00923359e-52,1.20723292e-57,-5.95935833e-62,-4.5503635e-77,1.06424687e-57,1.31636492e-57,-6.5579679e-58,-2.53736584e-61,6.11579547e-57,2.71968538e-56,-5.47370542e-56,7.72238898e-56,9.66463511e-59,1.61287244e-59,1.19238688e-57,4.9160067e-60,-1.09692992e-60,-5.88450447e-60,-4.47563123e-60,-3.87398451e-60,3.12903574e-64,1.80802974e-63,6.32109689e-60,4.83790144e-58,3.40502252e-60,3.17455488e-64,3.21776843e-62,7.94542884e-60,5.88545702e-68,3.63201788e-51,-1.4814719e-105,5.21369004e-72,9.38059004e-89,-6.01352317e-61,3.0996331e-96,5.11450474e-72,1.96245971e-68,2.12057951e-84,-4.96477791e-83,-1.15113804e-57,-3.12582549e-97,1.23251012e-58,-7.33789495e-76,-9.10387309e-69,2.49905804e-59,1.32193377e-91,-1.64130572e-70,1.89305732e-61,8.8515561e-74,1.13950452e-73,1.03328976e-81,-3.95530127e-71,-1.03776009e-62,5.77291151e-59,2.62029593e-69,3.84836794e-62,1.81393759e-64,9.24991818e-62,-2.70375972e-62,-6.38938502e-67,1.41383885e-60,-2.7697305e-64,-4.89388575e-71,-5.6433497e-64,7.56291873e-61,3.93083818e-55,1.28217202e-64,5.34693501e-50,1.53189073e-50,4.48583729e-73,-1.01251947e-52,3.85604935e-53,5.19746795e-56,1.30580854e-55,1.22957564e-74,8.73602218e-54,2.3067793e-59,-4.45189187e-106,2.52532896e-54,5.19595551e-57,3.59564909e-54,-7.07385429e-58,5.95339535e-54
