,Temp,Grid,S_L,Y_IXC8H18,Y_CO,Y_O2,Y_NO,Y_CO2,Y_H2O,HRR,C_P,lambda,time_scale
0,300,0,0.11994356,0.038393617,4.51E-10,0.224054,2.64E-15,5.77E-11,-4.74E-16,-10385.45152,1034.750558,0.024601801,0
1,300.0002838,0.0028,0.119944514,0.038393661,7.93E-09,0.22405391,4.68E-14,1.32E-09,-6.27E-20,-0.000411768,1034.757538,0.024602445,0.023344127
2,300.0054049,0.0056,0.119951106,0.038393909,1.39E-07,0.224053055,8.25E-13,3.03E-08,6.61E-23,2.13E-05,1034.796593,0.024606106,0.046685689
3,300.0406848,0.007,0.119975179,0.038394516,1.02E-06,0.224048718,6.10E-12,2.83E-07,9.04E-22,0.001217461,1034.891071,0.024615375,0.058345402
4,300.1709681,0.0077,0.120041257,0.038395551,4.22E-06,0.224034383,2.53E-11,1.45E-06,4.91E-21,0.022244732,1035.052786,0.024632611,0.064144613
5,300.443897,0.00805,0.120164523,0.038396877,1.08E-05,0.224005507,6.53E-11,4.42E-06,1.41E-20,0.157053677,1035.266541,0.024657544,0.066991486
6,301.2958841,0.0084,0.120530644,0.038399878,3.09E-05,0.223916925,1.90E-10,1.55E-05,5.09E-20,1.427509624,1035.778088,0.024721874,0.069691821
7,302.3974236,0.008575,0.120992909,0.038402978,5.64E-05,0.223803427,3.52E-10,3.23E-05,1.29E-19,5.180050393,1036.34521,0.024797285,0.070871922
8,304.6558373,0.00875,0.121929849,0.038408384,0.000108002,0.22357223,6.88E-10,7.17E-05,4.75E-19,20.86416081,1037.412542,0.024944768,0.071762575
9,309.2573613,0.008925,0.123824758,0.038417769,0.000211154,0.223104989,1.39E-09,0.000163089,2.62E-18,87.26270369,1039.452941,0.025236875,0.072077669
10,313.322058,0.0090125,0.125491761,0.038424905,0.000301005,0.222693975,2.04E-09,0.00025351,7.52E-18,188.1634063,1041.183456,0.025491488,0.071817464
11,319.419841,0.0091,0.127986891,0.038434117,0.000433835,0.222081473,3.07E-09,0.000401074,2.43E-17,412.1778648,1043.710007,0.025871463,0.071101032
12,328.4824462,0.0091875,0.13168906,0.038445284,0.000627878,0.221179543,4.68E-09,0.000638529,8.75E-17,894.1803351,1047.371507,0.026435289,0.069766615
13,334.6213134,0.00923125,0.134194672,0.038451172,0.00075836,0.220569084,5.86E-09,0.000811079,1.76E-16,1325.615093,1049.809321,0.026817456,0.068789989
14,342.1667975,0.009275,0.137272784,0.038456463,0.000917195,0.219822473,7.38E-09,0.001033237,3.69E-16,1956.383554,1052.767667,0.027287746,0.067566197
15,351.3860695,0.00931875,0.141032321,0.038460062,0.001109299,0.218915402,9.37E-09,0.001317011,8.06E-16,2859.082882,1056.337617,0.027863399,0.066075279
16,362.5726372,0.0093625,0.145593155,0.038460192,0.001339943,0.217821701,1.19E-08,0.001676258,1.84E-15,4119.4499,1060.617976,0.028563452,0.064305908
17,376.0392914,0.00940625,0.15108334,0.038454084,0.001614622,0.216514066,1.53E-08,0.002126548,4.40E-15,5834.298503,1065.713603,0.029408242,0.062258684
18,392.1077078,0.00945,0.157635028,0.038437568,0.00193888,0.214964974,1.97E-08,0.002684895,1.12E-14,8113.619725,1071.733562,0.030418655,0.059948605
19,411.0952706,0.00949375,0.165379271,0.038404561,0.002318122,0.213147727,2.54E-08,0.003369355,3.00E-14,11098.63373,1078.78958,0.031615161,0.057405925
20,421.8205698,0.009515625,0.16975584,0.038378133,0.002533434,0.212113931,2.89E-08,0.003771951,5.21E-14,12999.78901,1082.764228,0.032292031,0.056054773
21,433.4302396,0.0095375,0.174494722,0.038342564,0.00276577,0.210997093,3.30E-08,0.004217029,9.17E-14,15227.53711,1087.056809,0.033025217,0.054657814
22,445.9593203,0.009559375,0.179610773,0.038295644,0.003015815,0.209794,3.77E-08,0.004707442,1.65E-13,17872.41345,1091.682484,0.03381689,0.053222726
23,459.4394875,0.00958125,0.185117594,0.03823475,0.003284211,0.208501707,4.31E-08,0.005246025,3.02E-13,21074.19506,1096.656205,0.034668973,0.051757641
24,473.898717,0.009603125,0.191027408,0.038156793,0.003571558,0.207117569,4.93E-08,0.005835581,5.68E-13,25052.75883,1101.992609,0.035583119,0.050270928
25,489.3610499,0.009625,0.197350983,0.038058167,0.003878411,0.205639257,5.64E-08,0.006478866,1.09E-12,30158.01976,1107.705859,0.036560689,0.048770976
26,505.8464654,0.009646875,0.204097606,0.037934693,0.004205279,0.204064774,6.45E-08,0.007178578,2.16E-12,36952.29664,1113.809393,0.037602747,0.047265988
27,523.3708601,0.00966875,0.211275094,0.03778156,0.004552629,0.202392459,7.37E-08,0.007937353,4.37E-12,46342.0784,1120.315551,0.038710054,0.045763794
28,532.5329075,0.009679687,0.215030594,0.037690929,0.00473581,0.201511096,7.89E-08,0.00834358,6.40E-12,52635.74351,1123.72882,0.039288841,0.045015397
29,541.9647185,0.009690625,0.218898614,0.037589956,0.00492451,0.200603702,8.44E-08,0.008766322,9.34E-12,60284.02021,1127.248115,0.03988447,0.044269924
30,551.6671968,0.009701563,0.222879786,0.037477705,0.005118784,0.199670158,9.03E-08,0.009205923,1.37E-11,69667.28752,1130.874229,0.040496958,0.04352823
31,561.641003,0.0097125,0.226974663,0.037353179,0.005318682,0.198710369,9.65E-08,0.009662722,2.00E-11,81270.63633,1134.607712,0.041126302,0.04279112
32,571.886564,0.009723438,0.231183726,0.037215317,0.005524251,0.197724267,1.03E-07,0.010137056,2.91E-11,95718.9917,1138.448837,0.041772484,0.042059351
33,582.4040826,0.009734375,0.235507393,0.037062992,0.00573554,0.196711808,1.10E-07,0.010629256,4.25E-11,113816.8273,1142.397556,0.042435467,0.041333628
34,593.193548,0.009745312,0.23994602,0.036895007,0.005952591,0.195672975,1.18E-07,0.01113965,6.17E-11,136598.222,1146.45345,0.0431152,0.040614604
35,604.254746,0.00975625,0.244499911,0.036710099,0.006175448,0.194607772,1.26E-07,0.011668562,8.94E-11,165392.2505,1150.615679,0.043811618,0.039902877
36,615.5872688,0.009767188,0.249169322,0.036506932,0.006404152,0.193516231,1.35E-07,0.012216315,1.29E-10,201912.7856,1154.882925,0.04452464,0.039198997
37,627.1905243,0.009778125,0.253954469,0.036284098,0.006638741,0.192398408,1.44E-07,0.012783227,1.84E-10,248388.8961,1159.253326,0.045254173,0.038503457
38,639.0637447,0.009789063,0.25885553,0.036040121,0.006879254,0.191254384,1.54E-07,0.013369615,2.62E-10,307761.4859,1163.72441,0.046000111,0.037816702
39,651.2059934,0.0098,0.263872655,0.035773452,0.007125728,0.190084266,1.64E-07,0.013975796,3.71E-10,383979.8324,1168.293022,0.046762336,0.037139127
40,663.616169,0.009810938,0.269005968,0.035482473,0.007378198,0.188888188,1.75E-07,0.014602082,5.21E-10,482428.3513,1172.955239,0.047540717,0.036471078
41,676.293007,0.009821875,0.274255568,0.035165501,0.007636697,0.187666311,1.87E-07,0.015248789,7.27E-10,610481.0485,1177.706285,0.048335114,0.035812855
42,689.2350761,0.009832813,0.279621535,0.034820791,0.00790126,0.186418828,1.99E-07,0.015916231,1.01E-09,778091.666,1182.540438,0.049145372,0.035164718
43,702.4407693,0.00984375,0.285103927,0.034446541,0.008171918,0.185145965,2.12E-07,0.016604723,1.39E-09,998149.1729,1187.45093,0.049971328,0.034526883
44,715.9082889,0.009854688,0.290702777,0.034040905,0.008448702,0.183847986,2.26E-07,0.017314582,1.91E-09,1285938.506,1192.42984,0.050812804,0.03389953
45,729.6356267,0.009865625,0.296418089,0.033602002,0.008731642,0.182525202,2.41E-07,0.018046128,2.60E-09,1648764.105,1197.467985,0.051669607,0.033282803
46,736.5966824,0.009871094,0.299320051,0.033368244,0.008876121,0.181851424,2.48E-07,0.018421948,3.03E-09,1886876.043,1200.006378,0.052103798,0.032978391
47,743.6223863,0.009876563,0.3022514,0.033125142,0.009022183,0.181171476,2.56E-07,0.018803437,3.53E-09,2146555.038,1202.555198,0.052541779,0.032676648
48,750.7124055,0.009882031,0.305212135,0.032872443,0.009169831,0.180485413,2.64E-07,0.019190636,4.11E-09,2435219.627,1205.112842,0.05298352,0.032377583
49,757.8663948,0.0098875,0.308202234,0.032609894,0.009319069,0.179793297,2.73E-07,0.019583589,4.76E-09,2753177.703,1207.677611,0.053428992,0.032081208
50,765.0839879,0.009892969,0.311221691,0.032337246,0.009469901,0.17909519,2.81E-07,0.01998234,5.52E-09,3100171.113,1210.2477,0.053878163,0.03178753
51,772.3648077,0.009898438,0.314270476,0.032054251,0.009622329,0.178391157,2.90E-07,0.020386931,6.38E-09,3473598.445,1212.8212,0.054331002,0.031496556
52,779.7084586,0.009903906,0.317348579,0.031760668,0.009776358,0.177681267,2.99E-07,0.020797408,7.36E-09,3870444.369,1215.396093,0.054787474,0.031208289
53,787.1145386,0.009909375,0.320455965,0.031456258,0.00993199,0.176965588,3.08E-07,0.021213813,8.47E-09,4285559.249,1217.970258,0.055247545,0.030922735
54,794.5826323,0.009914844,0.323592619,0.03114079,0.010089228,0.176244188,3.17E-07,0.021636193,9.73E-09,4713621.372,1220.541462,0.055711182,0.030639895
55,802.1123243,0.009920313,0.326758505,0.030814042,0.010248075,0.175517135,3.27E-07,0.022064591,1.12E-08,5148077.207,1223.107362,0.05617835,0.030359768
56,809.7031929,0.009925781,0.329953606,0.030475797,0.010408534,0.174784495,3.37E-07,0.022499053,1.28E-08,5582802.596,1225.665506,0.056649012,0.030082354
57,817.3548234,0.00993125,0.333177885,0.03012585,0.010570606,0.174046328,3.47E-07,0.022939624,1.46E-08,6011604.267,1228.213331,0.057123133,0.029807651
58,825.0668017,0.009936719,0.33643133,0.029764006,0.010734294,0.173302692,3.57E-07,0.023386349,1.66E-08,6429466.978,1230.748158,0.057600679,0.029535652
59,832.8387262,0.009942188,0.339713907,0.029390081,0.010899599,0.172553638,3.68E-07,0.023839275,1.88E-08,6832036.042,1233.267193,0.058081613,0.029266354
60,840.6702006,0.009947656,0.343025606,0.029003905,0.011066523,0.171799213,3.79E-07,0.024298447,2.13E-08,7217053.223,1235.767522,0.058565902,0.028999748
61,848.5608446,0.009953125,0.346366403,0.028605319,0.011235068,0.171039453,3.90E-07,0.024763912,2.40E-08,7582993.826,1238.24611,0.05905351,0.028735827
62,856.5102842,0.009958594,0.349736293,0.02819418,0.011405233,0.170274392,4.01E-07,0.025235714,2.70E-08,7931667.338,1240.699791,0.059544404,0.028474579
63,864.5181608,0.009964062,0.353135255,0.027770362,0.011577019,0.169504054,4.12E-07,0.025713902,3.04E-08,8265174.393,1243.125267,0.060038549,0.028215995
64,872.5841199,0.009969531,0.35656329,0.027333753,0.011750427,0.168728455,4.24E-07,0.026198521,3.40E-08,8590120.11,1245.519101,0.060535912,0.027960061
65,880.7078171,0.009975,0.360020381,0.02688426,0.011925457,0.167947608,4.35E-07,0.026689618,3.80E-08,8912585.641,1247.877712,0.06103646,0.027706765
66,888.8889059,0.009980469,0.363506528,0.026421809,0.012102106,0.167161515,4.47E-07,0.027187239,4.24E-08,9243478.837,1250.197365,0.061540159,0.027456092
67,897.1270409,0.009985938,0.367021712,0.025946345,0.012280375,0.166370179,4.60E-07,0.027691432,4.71E-08,9592260.437,1252.474168,0.062046975,0.027208029
68,905.4218649,0.009991406,0.370565924,0.025457835,0.012460261,0.165573596,4.72E-07,0.028202243,5.22E-08,9972175.22,1254.704065,0.062556872,0.026962561
69,913.7730106,0.009996875,0.374139136,0.024956272,0.012641763,0.16477176,4.85E-07,0.028719719,5.78E-08,10394528.21,1256.882829,0.063069816,0.026719672
70,922.1800879,0.010002344,0.377741325,0.02444167,0.012824876,0.163964665,4.97E-07,0.029243906,6.39E-08,10872116.1,1259.006058,0.063585767,0.026479347
71,930.6426852,0.010007813,0.381372439,0.023914075,0.013009597,0.163152307,5.10E-07,0.029774852,7.05E-08,11416632.72,1261.069168,0.064104688,0.026241572
72,939.1603581,0.010013281,0.385032433,0.023373561,0.013195921,0.162334683,5.23E-07,0.030312603,7.77E-08,12038435.77,1263.067397,0.064626538,0.026006332
73,947.7326305,0.01001875,0.388721226,0.022820237,0.013383843,0.161511793,5.37E-07,0.030857205,8.56E-08,12749803.97,1264.995796,0.065151272,0.025773612
74,956.3589853,0.010024219,0.392438734,0.022254248,0.013573355,0.160683641,5.50E-07,0.031408705,9.42E-08,13558778.76,1266.849235,0.065678845,0.025543398
75,965.0388645,0.010029687,0.396184836,0.021675785,0.013764447,0.159850233,5.64E-07,0.031967147,1.04E-07,14480306.81,1268.622398,0.066209207,0.025315677
76,973.7716615,0.010035156,0.399959402,0.021085082,0.013957111,0.159011582,5.77E-07,0.032532576,1.14E-07,15521798.9,1270.309794,0.066742308,0.025090437
77,982.5567194,0.010040625,0.403762254,0.020482428,0.014151332,0.158167702,5.91E-07,0.033105036,1.25E-07,16703364.99,1271.905753,0.067278091,0.024867666
78,991.393323,0.010046094,0.407593199,0.019868173,0.014347095,0.157318613,6.05E-07,0.033684569,1.38E-07,18034063.35,1273.40444,0.067816498,0.024647354
79,1000.280695,0.010051563,0.411451987,0.019242732,0.014544383,0.156464337,6.20E-07,0.034271215,1.52E-07,19550874.65,1274.800526,0.068357464,0.024429491
80,1018.204172,0.0100625,0.419250104,0.017965266,0.014941709,0.154747917,6.48E-07,0.035460707,1.85E-07,23046797.53,1277.401132,0.069446584,0.024001187
81,1036.318538,0.010073437,0.427154666,0.01665115,0.015344713,0.153011356,6.77E-07,0.036678542,2.26E-07,27488961.56,1279.818739,0.070545,0.023582647
82,1054.615005,0.010084375,0.435161938,0.015306762,0.015753093,0.151254941,7.07E-07,0.037924934,2.78E-07,33087137.64,1282.051589,0.071652034,0.023173844
83,1073.083155,0.010095312,0.443267022,0.013940314,0.016166438,0.149479027,7.37E-07,0.039200024,3.44E-07,40130301.75,1284.100552,0.072766901,0.022774788
84,1091.710557,0.01010625,0.451463578,0.0125621,0.016584199,0.147684058,7.67E-07,0.040503856,4.27E-07,48986547.88,1285.969637,0.073888681,0.022385527
85,1110.482292,0.010117188,0.459743511,0.011184656,0.01700565,0.145870608,7.98E-07,0.041836351,5.34E-07,60117564.48,1287.666459,0.075016296,0.022006156
86,1129.38035,0.010128125,0.468096614,0.009822793,0.017429839,0.144039427,8.29E-07,0.043197275,6.69E-07,74089803.25,1289.202588,0.076148469,0.021636826
87,1148.382913,0.010139062,0.476510197,0.008493405,0.017855545,0.142191521,8.60E-07,0.04458621,8.38E-07,91577337.84,1290.593694,0.077283688,0.021277745
88,1167.463501,0.01015,0.484968718,0.007214993,0.018281214,0.140328236,8.92E-07,0.046002519,1.05E-06,113345050.7,1291.859371,0.078420159,0.020929185
89,1177.021052,0.010155469,0.489208886,0.006599835,0.018494158,0.139387698,9.08E-07,0.046723502,1.18E-06,126273930.3,1292.448947,0.078988185,0.020758962
90,1186.585442,0.010160938,0.493452877,0.006005038,0.018706317,0.138443981,9.24E-07,0.047451071,1.31E-06,140609006.8,1293.016185,0.079555691,0.020591505
91,1196.151511,0.010166406,0.497697734,0.005433026,0.018917369,0.137497404,9.40E-07,0.048185065,1.47E-06,156460245.6,1293.564442,0.080122348,0.020426869
92,1205.713617,0.010171875,0.501940272,0.004886103,0.019126962,0.136548331,9.56E-07,0.048925306,1.64E-06,173942817.3,1294.097127,0.080687799,0.02026511
93,1215.2656,0.010177344,0.506177065,0.004366401,0.019334707,0.135597175,9.72E-07,0.049671597,1.83E-06,193148646.5,1294.617645,0.081251663,0.020106292
94,1224.800761,0.010182813,0.510404463,0.003875826,0.019540183,0.134644398,9.89E-07,0.050423718,2.03E-06,214167366.6,1295.12933,0.081813528,0.019950477
95,1234.311839,0.010188281,0.514618574,0.003416007,0.019742932,0.133690522,1.01E-06,0.051181434,2.26E-06,237057298.4,1295.635378,0.082372956,0.019797733
96,1243.791,0.01019375,0.5188153,0.002988245,0.019942457,0.13273612,1.02E-06,0.051944488,2.51E-06,261862257.1,1296.138783,0.082929478,0.019648129
97,1253.229824,0.010199219,0.522990313,0.00259347,0.020138228,0.13178183,1.04E-06,0.052712603,2.77E-06,288583859.3,1296.642269,0.083482599,0.019501735
98,1262.619327,0.010204688,0.527139111,0.00223221,0.020329676,0.130828348,1.06E-06,0.053485485,3.06E-06,317195360.1,1297.148232,0.084031798,0.019358623
99,1271.949958,0.010210156,0.531256992,0.001904565,0.020516196,0.129876429,1.07E-06,0.054262818,3.38E-06,347616526.4,1297.658691,0.084576525,0.019218865
100,1281.211656,0.010215625,0.535339128,0.001610202,0.020697151,0.12892689,1.09E-06,0.055044271,3.72E-06,379726116.7,1298.175249,0.085116212,0.01908253
101,1290.393872,0.010221094,0.539380533,0.001348355,0.020871871,0.127980603,1.11E-06,0.055829493,4.08E-06,413341165.5,1298.699065,0.085650267,0.01894969
102,1299.48566,0.010226563,0.543376165,0.00111785,0.021039658,0.127038489,1.12E-06,0.056618115,4.47E-06,448229926.6,1299.230856,0.086178084,0.018820411
103,1308.475728,0.010232031,0.547320882,0.000917141,0.021199789,0.126101522,1.14E-06,0.057409752,4.88E-06,484097668.1,1299.77089,0.086699047,0.018694758
104,1317.352573,0.0102375,0.551209569,0.00074436,0.021351524,0.12517071,1.16E-06,0.058204002,5.32E-06,520601678.1,1300.319028,0.087212531,0.018572791
105,1326.104548,0.010242969,0.555037086,0.000597379,0.021494108,0.124247095,1.18E-06,0.059000445,5.78E-06,557344948.1,1300.874748,0.087717912,0.018454566
106,1334.720037,0.010248438,0.55879842,0.00047388,0.02162678,0.123331743,1.20E-06,0.059798645,6.26E-06,593893777.7,1301.437213,0.088214574,0.018340133
107,1343.18754,0.010253906,0.562488617,0.000371432,0.021748781,0.122425731,1.22E-06,0.060598153,6.77E-06,629779255.2,1302.005318,0.088701912,0.018229536
108,1351.495868,0.010259375,0.566102959,0.000287562,0.021859364,0.121530137,1.24E-06,0.061398501,7.30E-06,664516584.1,1302.57777,0.089179342,0.018122808
109,1359.634236,0.010264844,0.569636883,0.000219829,0.021957798,0.12064603,1.26E-06,0.062199209,7.85E-06,697612434.5,1303.153148,0.089646309,0.018019977
110,1367.592464,0.010270313,0.57308617,0.000165888,0.022043387,0.119774461,1.28E-06,0.062999783,8.42E-06,728583883.7,1303.729975,0.090102293,0.017921061
111,1375.361059,0.010275781,0.576446856,0.000123539,0.02211547,0.118916446,1.30E-06,0.063799716,9.01E-06,756968559.1,1304.30677,0.090546813,0.017826069
112,1382.931407,0.01028125,0.579715424,9.08E-05,0.022173441,0.11807296,1.32E-06,0.064598494,9.61E-06,782340824.8,1304.882108,0.090979442,0.017734995
113,1390.295828,0.010286719,0.582888699,6.58E-05,0.022216752,0.117244926,1.34E-06,0.065395591,1.02E-05,804321566.3,1305.454648,0.091399802,0.017647827
114,1397.447744,0.010292188,0.585964045,4.70E-05,0.022244926,0.116433206,1.36E-06,0.066190477,1.09E-05,822589934.3,1306.023171,0.091807578,0.017564538
115,1404.381696,0.010297656,0.588939237,3.32E-05,0.022257568,0.115638593,1.39E-06,0.066982621,1.15E-05,836890533.1,1306.586593,0.092202515,0.017485091
116,1411.093476,0.010303125,0.591812656,2.31E-05,0.022254369,0.114861802,1.41E-06,0.067771488,1.21E-05,847040129.3,1307.143974,0.092584427,0.017409437
117,1417.580102,0.010308594,0.594583137,1.58E-05,0.022235117,0.114103466,1.43E-06,0.06855655,1.28E-05,852931093.1,1307.694515,0.092953194,0.017337514
118,1423.839901,0.010314063,0.59725015,1.07E-05,0.022199697,0.113364133,1.46E-06,0.069337285,1.34E-05,854533262.2,1308.237557,0.093308768,0.017269251
119,1429.872447,0.010319531,0.599813631,7.13E-06,0.0221481,0.112644257,1.48E-06,0.07011318,1.41E-05,851893261.1,1308.772564,0.093651167,0.017204563
120,1435.678594,0.010325,0.602274146,4.69E-06,0.022080421,0.111944204,1.50E-06,0.070883738,1.47E-05,845132033,1309.299118,0.093980476,0.017143356
121,1441.260372,0.010330469,0.604632702,3.04E-06,0.02199686,0.111264242,1.53E-06,0.071648477,1.53E-05,834440139.4,1309.816896,0.094296846,0.017085528
122,1446.620983,0.010335938,0.60689089,1.94E-06,0.021897718,0.110604549,1.55E-06,0.072406937,1.60E-05,820071728.3,1310.32567,0.094600486,0.017030965
123,1451.764661,0.010341406,0.609050684,1.22E-06,0.021783396,0.109965211,1.58E-06,0.073158678,1.66E-05,802336644.9,1310.82528,0.094891665,0.01697955
124,1456.69663,0.010346875,0.611114565,7.43E-07,0.021654384,0.109346227,1.61E-06,0.073903287,1.72E-05,781592471.9,1311.315634,0.095170699,0.016931154
125,1465.945337,0.010357813,0.614963703,2.87E-07,0.02135452,0.1081708,1.66E-06,0.07536772,1.84E-05,732579776.6,1312.269618,0.0956935,0.016842966
126,1474.432541,0.01036875,0.618468607,1.06E-07,0.02100399,0.107074163,1.71E-06,0.076799755,1.95E-05,676311119.6,1313.18623,0.096172728,0.0167652
127,1482.222954,0.010379688,0.621658979,3.75E-08,0.020609083,0.10605364,1.77E-06,0.078197133,2.06E-05,616058109.8,1314.066469,0.096612108,0.016696755
128,1489.385494,0.010390625,0.624566405,1.28E-08,0.020176604,0.105105692,1.82E-06,0.079558076,2.16E-05,554837491.2,1314.91168,0.097015567,0.016636542
129,1495.989843,0.010401563,0.627222809,4.19E-09,0.019713535,0.104226151,1.87E-06,0.080881268,2.25E-05,495188124,1315.723426,0.097387049,0.016583521
130,1502.103586,0.0104125,0.629659176,1.33E-09,0.019226725,0.103410447,1.93E-06,0.082165823,2.34E-05,439049885.9,1316.503397,0.097730362,0.016536724
131,1507.790044,0.010423438,0.631904572,4.11E-10,0.018722655,0.102653814,1.98E-06,0.083411234,2.41E-05,387736465.2,1317.253323,0.098049067,0.016495272
132,1513.106832,0.010434375,0.633985491,1.23E-10,0.018207256,0.101951466,2.04E-06,0.084617324,2.49E-05,341981642.8,1317.974909,0.098346396,0.016458381
133,1518.105073,0.010445313,0.635925493,3.59E-11,0.017685801,0.101298733,2.09E-06,0.085784187,2.55E-05,302032568.5,1318.669798,0.098625221,0.016425372
134,1522.829165,0.01045625,0.63774509,1.02E-11,0.017162859,0.10069117,2.14E-06,0.086912146,2.61E-05,267764286.5,1319.339534,0.098888034,0.016395657
135,1527.31696,0.010467188,0.639461821,2.86E-12,0.016642288,0.100124625,2.19E-06,0.088001696,2.65E-05,238794976.5,1319.985551,0.099136968,0.016368745
136,1531.600231,0.010478125,0.64109045,7.81E-13,0.016127272,0.099595276,2.24E-06,0.089053476,2.70E-05,214588321.3,1320.609168,0.099373816,0.016344223
137,1535.705308,0.010489063,0.642643248,2.09E-13,0.015620376,0.09909965,2.29E-06,0.090068227,2.73E-05,194536042.4,1321.211592,0.099600072,0.01632175
138,1539.653782,0.0105,0.64413031,5.52E-14,0.015123615,0.098634619,2.34E-06,0.091046769,2.77E-05,178018836.8,1321.793921,0.099816969,0.016301049
139,1543.463232,0.010510938,0.64555987,1.42E-14,0.014638528,0.098197387,2.38E-06,0.091989979,2.79E-05,164447403.5,1322.357158,0.100025517,0.016281894
140,1547.147894,0.010521875,0.646938614,3.06E-15,0.014166252,0.097785468,2.43E-06,0.092898773,2.81E-05,153287480,1322.902218,0.100226542,0.016264101
141,1554.178085,0.01054375,0.649560589,2.89E-16,0.013263542,0.097031751,2.52E-06,0.094614014,2.83E-05,136910010.7,1323.940386,0.100608086,0.016232127
142,1560.824328,0.010565625,0.652032945,2.65E-17,0.012417675,0.096355021,2.60E-06,0.096204808,2.84E-05,125391522.9,1324.915607,0.100966376,0.016204128
143,1567.129664,0.0105875,0.654375675,2.35E-18,0.011628935,0.095743972,2.68E-06,0.097678782,2.83E-05,116862493.5,1325.832972,0.10130408,0.016179544
144,1573.123972,0.010609375,0.656602357,2.03E-19,0.010895908,0.095189616,2.75E-06,0.099043455,2.81E-05,110134025.6,1326.696932,0.10162312,0.016157991
145,1578.829298,0.01063125,0.658722668,1.29E-20,0.010216208,0.094684703,2.83E-06,0.100306143,2.78E-05,104475961.2,1327.511436,0.101924959,0.01613919
146,1589.427856,0.010675,0.662668277,3.22E-22,0.009009888,0.093806668,2.96E-06,0.102543285,2.68E-05,95112835.06,1329.003238,0.102480773,0.016109116
147,1599.06753,0.01071875,0.666266308,7.72E-24,0.007975847,0.093064039,3.08E-06,0.104461555,2.57E-05,86882743.33,1330.338354,0.10298104,0.016087786
148,1607.838048,0.0107625,0.669549692,1.32E-25,0.007089831,0.092431222,3.20E-06,0.106106822,2.44E-05,79366254.29,1331.536691,0.103431856,0.016074236
149,1623.02298,0.01085,0.675264561,8.73E-28,0.005698582,0.0914381,3.39E-06,0.108694469,2.17E-05,66155583.83,1333.576372,0.104201854,0.016067776
150,1635.714172,0.0109375,0.680065558,5.46E-30,0.004657754,0.090689631,3.57E-06,0.11063695,1.90E-05,55085751.21,1335.253258,0.104835973,0.016083008
151,1646.365288,0.011025,0.684111973,3.27E-32,0.003869058,0.090118012,3.72E-06,0.112112349,1.66E-05,45934925.63,1336.643519,0.105361518,0.016115783
152,1655.345323,0.0111125,0.6875347,1.88E-34,0.003262408,0.089676539,3.85E-06,0.113248295,1.44E-05,38420546.4,1337.804906,0.105799894,0.016162821
153,1662.951989,0.0112,0.690440724,1.05E-36,0.002788248,0.089332213,3.96E-06,0.114135612,1.25E-05,32263310.04,1338.781754,0.106167848,0.016221523
154,1669.424736,0.0112875,0.692917215,5.71E-39,0.002411562,0.089061288,4.06E-06,0.114838918,1.08E-05,27216912.18,1339.608442,0.106478501,0.016289825
155,1674.95598,0.011375,0.695035053,2.38E-41,0.002107503,0.088846404,4.15E-06,0.115404393,9.37E-06,23085086,1340.311858,0.106742162,0.016366081
156,1683.66047,0.01155,0.698369473,4.15E-44,0.001664277,0.088545343,4.31E-06,0.116220992,7.11E-06,16888765.35,1341.413991,0.107153188,0.016538524
157,1690.272816,0.011725,0.700899814,7.31E-47,0.001347024,0.088344532,4.43E-06,0.116799267,5.45E-06,12584525.04,1342.246941,0.107462901,0.016728496
158,1695.376114,0.0119,0.702848953,1.12E-49,0.001110971,0.088207924,4.53E-06,0.117224192,4.22E-06,9551248,1342.88714,0.107700394,0.016931092
159,1702.249601,0.01225,0.705464527,9.55E-53,0.000803206,0.088056659,4.69E-06,0.117765836,2.67E-06,5849722.467,1343.745156,0.108017372,0.017364445
160,1706.806603,0.0126,0.707191666,1.14E-55,0.000602539,0.087977502,4.80E-06,0.118112681,1.76E-06,3772983.33,1344.310816,0.108226489,0.017816952
161,1709.954077,0.01295,0.708380205,1.52E-58,0.000465308,0.087935576,4.89E-06,0.118346332,1.21E-06,2540046.921,1344.699344,0.108370365,0.018281143
162,1712.205625,0.0133,0.709227605,1.44E-61,0.000367942,0.087913762,4.95E-06,0.118510103,8.58E-07,1776851.432,1344.975562,0.108472923,0.018752795
163,1714.927785,0.014,0.710247365,4.01E-65,0.000251532,0.087900059,5.04E-06,0.11870262,4.90E-07,985764.4503,1345.305924,0.108596097,0.019711442
164,1716.616387,0.0147,0.710878313,-4.10E-69,0.000181369,0.087899409,5.11E-06,0.11881775,3.06E-07,596807.2587,1345.509167,0.108672364,0.020678645
165,1717.731262,0.0154,0.711294193,-1.62E-71,0.000136712,0.08790355,5.15E-06,0.11889064,2.04E-07,386011.2231,1345.642367,0.108722614,0.021650676
166,1718.503983,0.0161,0.711582118,-1.48E-74,0.000106966,0.087909195,5.19E-06,0.118939009,1.45E-07,262975.9607,1345.734091,0.108757371,0.022625639
167,1719.060358,0.0168,0.711789272,-1.00E-77,8.64E-05,0.087915003,5.21E-06,0.118972376,1.08E-07,186688.3054,1345.799764,0.108782346,0.023602491
168,1719.473045,0.0175,0.711942837,-5.79E-81,7.17E-05,0.087920438,5.23E-06,0.118996143,8.35E-08,136978.6678,1345.848236,0.108800836,0.024580625
169,1719.785948,0.0182,0.712059205,-2.63E-84,6.09E-05,0.087925304,5.25E-06,0.119013515,6.71E-08,103325.2425,1345.884819,0.108814827,0.025559672
170,1720.192096,0.0196,0.712210015,-5.33E-88,4.75E-05,0.087932853,5.28E-06,0.119035001,4.81E-08,64220.52201,1345.931938,0.1088329,0.027519972
171,1720.459357,0.021,0.712309257,-1.07E-91,3.91E-05,0.087938509,5.30E-06,0.119048477,3.74E-08,41963.38372,1345.962846,0.108844781,0.029481577
172,1720.640594,0.0224,0.712376596,-1.94E-95,3.36E-05,0.087942704,5.32E-06,0.119057228,3.09E-08,28426.48342,1345.983779,0.108852839,0.031444043
173,1720.829768,0.0252,0.712447116,-1.71E-99,2.83E-05,0.087947378,5.34E-06,0.119065862,2.50E-08,15788.59466,1346.005736,0.108861297,0.035371046
174,1720.829768,0.028,0.712447116,-1.71E-99,2.83E-05,0.087947378,5.34E-06,0.119065862,2.50E-08,15788.59466,1346.005736,0.108861297,0.039301163
