,Temp,Grid,S_L,Y_IXC8H18,Y_CO,Y_O2,Y_NO,Y_CO2,Y_H2O,HRR,C_P,lambda
0,300.0,0.0,0.22308660310801523,0.04753574235729946,4.907986547226736e-13,0.2219239000721403,9.207890688501341e-17,2.4227647947252082e-14,-2.0722313250630954e-15,-150.6795111912156,1040.726817584898,0.024563604286041596
1,300.0000004727587,0.0028000000000000004,0.2230867640865719,0.047535747767254596,1.5616295442756065e-11,0.2219238935875811,2.4985298460306476e-15,1.0175453210574542e-12,-1.6942061185118957e-18,-0.011505501805440821,1040.72752004642,0.02456366908808502
2,300.00001775624645,0.005600000000000001,0.2230882414795738,0.047535797169205786,7.099430423011832e-10,0.2219238330017643,1.8976268618524935e-14,4.3623562689221835e-11,-2.898024619933119e-23,-4.0672770599440787e-07,1040.733930643052,0.024564260519573153
3,300.0002348040356,0.007,0.22309359719752941,0.04753597323711085,9.135494868012462e-09,0.22192360120644716,2.176047311706243e-13,7.202020549455765e-10,2.3479302685834102e-23,9.619322198393289e-08,1040.7567358693548,0.024566365443320647
4,300.0016518584481,0.0077,0.22310518160414186,0.04753633482288189,6.236411278184493e-08,0.22192302548680665,1.4822334774517127e-12,6.261412607142658e-09,2.7315889738642457e-22,1.2041249709716663e-05,1040.8033910210231,0.024570680035117046
5,300.0066310672582,0.00805,0.22312224792893576,0.04753680681105258,2.438084882762221e-07,0.22192195223291772,5.824938110279149e-12,3.033807778039758e-08,1.3476124413736709e-21,0.00020616371397066906,1040.8639434790066,0.02457631327699964
6,300.0316104015312,0.0084,0.22316810467581455,0.04753782413136009,1.1289426379619187e-06,0.22191817570969535,2.7157865385877076e-11,1.7784399115049934e-07,8.065191876233278e-21,0.004777386901065725,1040.993728558423,0.024588564306411636
7,300.08170593681723,0.008575,0.2232299862159117,0.04753883102515587,2.8586133147939475e-06,0.22191183842085777,6.914145696532533e-11,5.351205959958144e-07,2.274105522039931e-20,0.032790673816099736,1041.1222157853156,0.024601045102068266
8,300.232268306967,0.00875,0.22338054453567885,0.04754061419293718,7.94015293974832e-06,0.22189429994820958,1.933114957974751e-10,1.8075592142917771e-06,7.213461562704942e-20,0.27584975658707184,1041.352822236028,0.024624374371467667
9,300.68425708447774,0.008925,0.22377889669266518,0.04754401960710062,2.2853484384412873e-05,0.2218440763984443,5.607995177949898e-10,6.334091345068649e-06,2.684270585810332e-19,2.528756541162007,1041.8086249806627,0.02467307183660096
10,302.037516285118,0.0091,0.2248903025048975,0.04755106749792467,6.648072336462035e-05,0.2216979083112685,1.6503317520458755e-09,2.2379540022400726e-05,1.3756499782305029e-18,23.899280195689276,1042.8112698363066,0.024786912783535068
11,303.72026838257244,0.009187500000000001,0.22622599485153608,0.04755781288660571,0.00011962269179286223,0.22151901688271528,3.0109237054920588e-09,4.5625078974754136e-05,4.582370440596933e-18,84.52095111245161,1043.8478745714312,0.024910678790076475
12,307.05382909523445,0.009275,0.22882892174352895,0.04756890815890472,0.00022288396367110914,0.22116875673575528,5.723557221582817e-09,9.784739591951095e-05,2.048826622904684e-17,321.0968650306074,1045.6977850590545,0.0251400173968305
13,309.9332119528781,0.00931875,0.23105702395157696,0.04757714529622508,0.00031076537133696536,0.22086825059003676,8.115682418184402e-09,0.00014815934343749175,5.226812485977212e-17,660.6969365987526,1047.1954313191645,0.025331119124964382
14,314.1870225601811,0.0093625,0.2343325262019709,0.04758784202026134,0.00043879680511988274,0.22042742244354735,1.1707625635359137e-08,0.0002288618083644403,1.4994111836635645e-16,1388.4165754962044,1049.3210121591676,0.025608381855000664
15,320.4303058836752,0.00940625,0.23912233913210654,0.0476013215914559,0.0006237947161773676,0.2197858941880333,1.710439996346546e-08,0.00035705821231230017,4.849017082963418e-16,2917.8005487636633,1052.3339687126615,0.026010543361630056
16,329.5094123892608,0.00945,0.24606932127889153,0.04761742309319125,0.0008880745617091912,0.21886285816085677,2.521674765290498e-08,0.0005579650886686882,1.7672546715998295e-15,6012.754323072032,1056.5810051726494,0.026591589367272066
17,335.5531452265775,0.009471875000000001,0.2506872384360814,0.04762597096117322,0.001062666046829892,0.2182495018610889,3.0873864839031906e-08,0.0007008715482866984,3.693297449725736e-15,8653.551289311581,1059.3498052689722,0.026977516832941445
18,342.89050902755037,0.00949375,0.25628893356591126,0.04763394263604077,0.0012725793568461484,0.2175089618788664,3.7954796332058415e-08,0.0008820742154462339,8.08648017982338e-15,12401.761938237556,1062.6614514584203,0.027445790208096434
19,351.7494760196724,0.009515625,0.26304820471656026,0.047640146169758375,0.001523482251952373,0.21662025142559035,4.680837462978456e-08,0.0011101845257328658,1.8677235351039072e-14,17652.45868324629,1066.6028569143896,0.028011357008411623
20,362.3781512374943,0.0095375,0.2711546122972566,0.04764269047512665,0.0018214096976858522,0.21556097087255968,5.786225343110425e-08,0.0013950300272388193,4.5553553865583696e-14,24933.050132669454,1071.2669413594497,0.028690564093781117
21,375.0391833147044,0.009559375,0.2808094308164081,0.04763869011883974,0.0021726195009416503,0.21430787842858892,7.163626559489326e-08,0.0017475629536550842,1.1794210407730276e-13,34997.82950525553,1076.7507847004103,0.029500754059925582
22,390.00183636798914,0.00958125,0.2922198656964073,0.047623885357562054,0.002583416124924884,0.21283760541983845,8.875555457963407e-08,0.002179684581612318,3.281885578506545e-13,49043.177933830004,1083.1535634670245,0.030459682088234234
23,407.5321354301298,0.009603125,0.3055918459945017,0.04759217177052919,0.003059959875627728,0.2111274554620717,1.0996219735632039e-07,0.0027039956135749134,9.935584389028028e-13,69164.99025902993,1090.57462582932,0.031584789981102784
24,427.8819584475551,0.009625,0.32112205376359304,0.047535041850369726,0.0036080838540369074,0.20915620452216635,1.3612377224368815e-07,0.00333349833903904,3.2433980508578022e-12,99266.87555254386,1099.1120511979673,0.03289240935835544
25,439.2237465816985,0.0096359375,0.3297838047722288,0.047491824104640167,0.003915505360681721,0.2080491945149939,1.5167195686095876e-07,0.0036980922762487973,6.478631307508917e-12,121278.31261781746,1103.8538136218644,0.03362188952591799
26,451.3914064405291,0.009646875,0.33908036943356124,0.047435619094637685,0.0042444789977658815,0.20686382463456784,1.689709449580466e-07,0.004096892800408383,1.2613092393467166e-11,149864.47355461284,1108.9258863277482,0.03440470219108702
27,464.4098274938596,0.0096578125,0.34903211843345855,0.0473636756083456,0.004595702739346492,0.20559777584753394,1.8818370166645732e-07,0.004531840969793044,2.424882539495594e-11,187549.46913247602,1114.3400890111757,0.035242381714740575
28,478.30091040214575,0.00966875,0.3596573829298365,0.04727280614144657,0.004969827412514227,0.2042489796986954,2.094819765809819e-07,0.00500485186051377,4.587689892487386e-11,237834.24692146797,1120.1076683919161,0.036136244584527494
29,493.08341798147654,0.009679687499999999,0.3709723719493613,0.04715934499986498,0.005367455958219648,0.20281563243232567,2.3304565930978522e-07,0.005517807119867265,8.500354679567352e-11,305578.0276884232,1126.239152212243,0.03708737902480397
30,508.77289724181946,0.009690625,0.3829911482483038,0.047019107356200594,0.0057891438785538565,0.20129620516913327,2.590618955840985e-07,0.006072549477666749,1.537301453352182e-10,397532.3909839904,1132.7441387352558,0.038096639728653584
31,525.3816702823174,0.0097015625,0.3957256615806288,0.04684735036554468,0.006235400763114867,0.19968945051125014,2.877239255858999e-07,0.0066708793082430485,2.709218448536038e-10,523137.0384207233,1139.631000288827,0.039164647592739875
32,542.9188878467471,0.009712499999999999,0.40918583517851753,0.04663873768359647,0.006706692744090801,0.19799440618851452,3.1922960432956953e-07,0.007314553252693341,4.65148429989209e-10,695603.5504757111,1146.9064788858755,0.040291794061128226
33,552.0429438519126,0.00971796875,0.4161958254749382,0.04651726752857655,0.006954026158818286,0.19710582692860346,3.362742565737071e-07,0.00765702291805182,6.084795102250764e-10,807945.7991828439,1150.6974153855654,0.04087808308273852
34,561.4059134237962,0.0097234375,0.42339397213128044,0.04638340342025279,0.007208050983204943,0.1961940334139085,3.5413422543939007e-07,0.00801202794334937,7.894083363364395e-10,940821.152069337,1154.5882551744917,0.041479516589444584
35,571.0080934379622,0.009728906249999999,0.4307810522938009,0.046236170437488885,0.007468820402260352,0.19525898673511308,3.728361507088523e-07,0.008379797292319082,1.0167953332960218e-09,1098636.070327695,1158.5789267011048,0.042096082971368076
36,580.8495961252713,0.009734375,0.4383577437013432,0.04607454175785285,0.007736385364268195,0.19430066923317815,3.9240655445595937e-07,0.00876055745635141,1.3012350772607074e-09,1286791.2845888948,1162.6690963336703,0.04272775743979669
37,590.9303546183186,0.00973984375,0.4461246315539771,0.04589743820668783,0.008010794728876301,0.19331908474874238,4.1287174012506667e-07,0.00915453264587817,1.6553809503413433e-09,1512123.8843394434,1166.858135291904,0.04337450246392874
38,601.2501281141388,0.009745312499999999,0.45408221518216246,0.04570372808442395,0.008292095415166843,0.19231425900473761,4.3425768372581484e-07,0.009561945011404838,2.0943221624417106e-09,1783420.579538813,1171.145083598034,0.044036268188379885
39,611.8085062670383,0.00975078125,0.46223091427625773,0.045492227325527795,0.008580332548428792,0.1912862401945663,4.565899167821689e-07,0.009983014893012726,2.6360223831226246e-09,2112099.1341264485,1175.528610865922,0.044712992807002
40,622.6049123530078,0.00975625,0.47057107435904993,0.04526170005223429,0.008875549605874365,0.19023509986941015,4.798934006625997e-07,0.01041796109769628,3.3018303824485762e-09,2513094.401484831,1180.0069736463067,0.045404602864719104
41,633.6386046496817,0.009761718749999999,0.47910297119861894,0.04501085959864084,0.009177788563783372,0.1891609342422673,5.041923919113987e-07,0.010867001204940281,4.117075110159333e-09,3005952.4738650285,1184.5779688911446,0.046111013453923794
42,644.90867540024,0.0097671875,0.48782681381937043,0.04473837009600051,0.009487090051318188,0.1880638660476916,5.295102981998637e-07,0.011330351902277472,5.1117608488585375e-09,3616081.304978859,1189.238882918004,0.04683212826834193
43,656.4140466916402,0.00977265625,0.49674274582428357,0.04444284872766326,0.00980349351932064,0.18694404710558069,5.558695245299204e-07,0.011808229354313615,6.32138248433687e-09,4376017.760232682,1193.9864350874848,0.04756783947600346
44,668.153462641436,0.009778124999999999,0.505850844799822,0.04412286878108745,0.010127037434774373,0.1858016617214435,5.832913093389715e-07,0.01230084961033092,7.787885866345842e-09,5326438.972123406,1198.8167153445404,0.04831802737749073
45,680.1254775118656,0.00978359375,0.5151511197402665,0.0437769636426098,0.010457759512219996,0.18463693099473166,6.117955501626748e-07,0.012808429056577416,9.560801827584288e-09,6516450.179801726,1203.7251149400215,0.04908255982913934
46,692.3284398592363,0.0097890625,0.5246435066633774,0.043403631894009975,0.010795696990586811,0.1834501179714868,6.414006184846107e-07,0.013331184918485405,1.1698581430483285e-08,8002377.487917448,1208.7062501954279,0.04986129143880219
47,704.7604737211612,0.009794531249999999,0.5343278629877338,0.04300134367234497,0.011140886956257277,0.1822415333185943,6.721231633117976e-07,0.013869335813694149,1.4270150310272599e-08,9843718.051105201,1213.7538802532433,0.05065406259190451
48,717.4194594266278,0.0098,0.5442039618828894,0.04256854843747371,0.011493366699035935,0.18101154071695735,7.039779028005437e-07,0.014423102345810951,1.7356678361206772e-08,12091783.048643617,1218.8608215572244,0.051460698453529366
49,730.3030205738368,0.00980546875,0.5542714893501691,0.04210368423514037,0.011853174057059492,0.1797605598770077,7.369774022666377e-07,0.014992707696620063,2.1053527719253077e-08,14707019.262764571,1224.018865651335,0.05228100831410756
50,736.8286887721379,0.009808203125000001,0.5593780128551109,0.0418575521770735,0.012036655859852922,0.17912454328897293,7.539863883153032e-07,0.01528483314682431,2.3182982734579683e-08,16301130.582921633,1226.6147635791515,0.05269632950289807
51,743.4099389365176,0.0098109375,0.5645326882117978,0.04160253680829515,0.012222020940272573,0.17848337823208937,7.712900081209924e-07,0.015581088567680144,2.5509938020068432e-08,17960109.978014834,1229.219604746439,0.05311502081789214
52,750.046392709646,0.009813671874999999,0.5697354601629934,0.041338431069742186,0.012409274617222603,0.17783713520430272,7.888891587226973e-07,0.015881504049799464,2.8051571840597867e-08,19710836.447267365,1231.8320028304618,0.05353705338766203
53,756.7376611841956,0.00981640625,0.5749862610595324,0.04106502918687348,0.012598422226352608,0.17718588654379658,8.067845512845179e-07,0.016186109888777132,3.082636206363039e-08,21541027.55339041,1234.4504967689538,0.05396239766054124
54,763.4833449182245,0.009819140625,0.5802850308309292,0.040782127207135414,0.012789469206522667,0.1765297054120978,8.24976704945075e-07,0.016494936664804734,3.3854151918821754e-08,23429293.563401934,1237.0735498827403,0.05439102340413612
55,770.2830394010673,0.009821875,0.5856316992533478,0.04048952338906375,0.01298242098200821,0.17586866489265435,8.434659349590542e-07,0.016808015141093372,3.715621460681931e-08,25346084.50820676,1239.6995510541983,0.05482290000983023
56,777.1363372061469,0.009824609375000001,0.591026206751064,0.04018701873809866,0.013177283047285474,0.17520283622037436,8.622523467898017e-07,0.017125376341678614,4.075531751414246e-08,27258955.332743563,1242.3268156539864,0.05525799661186932
57,784.0428346660144,0.00982734375,0.5964684870329937,0.039874417430043975,0.013374060821670418,0.1745322875037852,8.813358237371762e-07,0.01744705141355545,4.467578608983451e-08,29131201.57103492,1244.953587665078,0.05569628245449057
58,791.0021348125791,0.009830078124999999,0.6019584881604012,0.03955152734559452,0.013572759738492153,0.17385708171611688,9.007160221763408e-07,0.017773071708509176,4.8943570060232433e-08,30929066.054304548,1247.5780410131617,0.056137727053373165
59,798.0138537199172,0.0098328125,0.6074961549170088,0.039218160535744256,0.013773385080320302,0.17317727551319742,9.203923599209188e-07,0.018103468617820438,5.358631139123567e-08,32620943.2009098,1250.198281231272,0.05658230053714482
60,805.0776227249454,0.009835546875,0.613081449586991,0.03887413376517184,0.013975942081323767,0.17249291755309773,9.403640139430877e-07,0.01843827366834573,5.86334191609547e-08,34185349.164545156,1252.8123456616195,0.057029973766808094
61,812.1930925329043,0.00983828125,0.6187143333464001,0.03851926903986178,0.014180435756431877,0.17180404799654012,9.606299113071095e-07,0.018777518346367664,6.411614999912759e-08,35608445.070430234,1255.4182029793315,0.057480718544950724
62,819.3599333137776,0.009841015625000001,0.624394786284899,0.038153394181681455,0.01438687102662037,0.171110697665514,9.811887310163892e-07,0.019121234221028897,7.006770265756418e-08,36889970.821104184,1258.0137509431443,0.05793450761659803
63,826.5778354128377,0.00984375,0.6301227874174306,0.03777634344691712,0.01459525255253355,0.17041288852804976,1.0020388993468626e-06,0.019469452772354564,7.652332459344609e-08,38037638.06267593,1260.5968129390692,0.058391314683807954
64,833.8465072094069,0.009846484374999999,0.635898333946219,0.03738795816008694,0.014805584883896654,0.16971063372450068,1.0231785970024799e-06,0.01982220554630988,8.352044357490658e-08,39069754.8473559,1263.1651333240634,0.05885111428554533
65,841.1656727852434,0.00984921875,0.6417214199940181,0.03698808745428938,0.015017872297136326,0.16900393878531325,1.0446057599110612e-06,0.020179523989806283,9.109882090776343e-08,40009377.32138892,1265.7163716943169,0.05931388164110403
66,848.5350687614798,0.009851953125,0.6475920554929628,0.03657658899397185,0.015232118958553595,0.1682928020690352,1.0663180919111757e-06,0.020541439627824433,9.930074434219708e-08,40883736.560715675,1268.2480971870948,0.05977959248089816
67,855.9544400201119,0.0098546875,0.6535102439228562,0.03615332986913344,0.01544832875727998,0.16757721620702004,1.0883130711983153e-06,0.02090798389803949,1.0817125443085653e-07,41724552.839805655,1270.7577818657492,0.060248222782760735
68,863.423536788717,0.009857421875000001,0.6594760011493157,0.035718187439351026,0.01566650546871911,0.1668571685083336,1.1105879680776134e-06,0.02127918833569101,1.1775842756811148e-07,42561098.95022724,1273.242795309407,0.06071974862668411
69,870.9421089769529,0.00986015625,0.6654893322463025,0.03527105041545341,0.015886652576059524,0.16613264238067557,1.13313985682724e-06,0.021655084401919215,1.2811370446185458e-07,43433307.06745674,1275.7003978680953,0.06119414585613747
70,878.509904011065,0.009862890624999999,0.6715502503670301,0.03481181985816011,0.016108773425978686,0.16540361762138464,1.1559656377764196e-06,0.022035703667631912,1.3929229302484565e-07,44369741.599783584,1278.1277359969395,0.061671389984457994
71,886.1266597381655,0.009865625,0.677658752624682,0.03434041047783596,0.01633287103753317,0.16467007189380684,1.1790620541020622e-06,0.022421077635837665,1.5135362765516761e-07,45420275.3131644,1280.5218354485414,0.062151455776940166
72,893.7921032556839,0.009868359375,0.6838148390967022,0.03385675181629847,0.01655894824641414,0.1639319810241825,1.2024257171287822e-06,0.02281123792018767,1.6436192155019235e-07,46608172.78609893,1282.8795975035362,0.06263431721962236
73,901.5059425431128,0.00987109375,0.6900184879319576,0.03336078978640689,0.016787007500738912,0.1631893206245432,1.2260531270563759e-06,0.023206216062029498,1.7838678602020702e-07,47990995.859178744,1285.1977923692552,0.06311994702695206
74,909.2678669627005,0.009873828125000001,0.6962696748067388,0.032852488057555536,0.017017050988659414,0.16244206639448971,1.2499406997738286e-06,0.023606043696755605,1.9350396333507584e-07,49577964.63876211,1287.4730569022736,0.063608316705311
75,917.0775382873275,0.0098765625,0.7025683476425145,0.03233182984779345,0.01724908041708574,0.16169019576846197,1.2740847899330462e-06,0.02401075236158651,2.0979613646462843e-07,51428733.91957805,1289.7018890186164,0.06409939601779965
76,924.9345938134016,0.009879296874999999,0.7089144468620981,0.03179881952869918,0.017483097114341796,0.16093368802166788,1.2984817171538741e-06,0.024420373638361675,2.2735387214510159e-07,53530137.54832746,1291.8806477829294,0.06459315318888863
77,932.8386374034199,0.00988203125,0.7153078799954469,0.031253484678503925,0.017719101785922325,0.16017252567811663,1.323127789717121e-06,0.02483493894548122,2.462766442621364e-07,55941059.55294312,1294.0055495906402,0.06508955435602012
78,940.7892456844478,0.009884765625,0.7217485427834497,0.030695877922465118,0.01795709458420744,0.15940669419321335,1.3480193282230846e-06,0.02525447964595838,2.666740011595927e-07,58624532.08685171,1296.0726710305264,0.06558856393812801
79,948.7859589820736,0.0098875,0.7282362935842506,0.03012607925482414,0.018197074838160725,0.15863618294423595,1.3731526886864702e-06,0.025679026820797188,2.8866680113416657e-07,61642923.68652749,1298.0779468641379,0.06609014406636629
80,956.8282901402038,0.009890234375000001,0.7347709749265732,0.029544198131983297,0.018439041086651235,0.15786098445386387,1.3985242824907163e-06,0.026108611337394262,3.1238858556362e-07,64942542.93051803,1300.01717517457,0.06659425509163502
81,964.9157143745734,0.00989296875,0.7413523872910397,0.028950376067511694,0.018682990784771855,0.15708109502392778,1.424130598582516e-06,0.026543263609827398,3.3798699049437656e-07,68599869.79808629,1301.8860163863108,0.0671008549443039
82,973.0476794923583,0.009895703124999999,0.7479803104706172,0.02834478898977829,0.018928920303362518,0.15629651373993536,1.449968219611918e-06,0.026983013631592934,3.656252762042933e-07,72562210.02033795,1303.6799995839826,0.06760989971807559
83,981.2235927440082,0.0098984375,0.754654476116195,0.027727650102381336,0.019176824625520977,0.155507243226682,1.4760338442880794e-06,0.02742789074335481,3.954838586364839e-07,77000719.82527341,1305.3945211427952,0.06812134286107885
84,997.7045095380195,0.00990390625,0.7681369152980227,0.026464516764323622,0.019676478292094686,0.1539212251904059,1.5286225766937244e-06,0.028329404132844203,4.6216267906397135e-07,86476365.59346941,1308.5708876076608,0.0691509899403226
85,1014.352328712098,0.009909375,0.7817986313360032,0.025159977156676713,0.02018379661665827,0.15231674418214075,1.5820726607212475e-06,0.02925139008400773,5.402749734973009e-07,97810842.21595797,1311.4579519733575,0.07018955236804833
86,1031.1611021710885,0.00991484375,0.7956359275798076,0.023817310946711048,0.020698674466445362,0.1506938839793838,1.6363637350787905e-06,0.030194042278680357,6.319994746724339e-07,111176740.64081144,1314.17795320055,0.07123657642404192
87,1048.124196740907,0.0099203125,0.8096442001317469,0.022440650226078714,0.02122096672790451,0.14905276001150422,1.691478735086343e-06,0.031157532481437027,7.399390364369062e-07,126921059.70974861,1316.730683213249,0.07229156210462336
88,1065.2341940598415,0.00992578125,0.8238177806974901,0.0210350700449776,0.021750480030791542,0.14739351811700338,1.7474044383784982e-06,0.032142005470667104,8.671727589886506e-07,145431893.19067496,1319.114336377002,0.07335395681811058
89,1082.4827753335242,0.009931249999999999,0.8381497647644673,0.019606668579754367,0.022286963376670004,0.14571633527554018,1.8041320676637064e-06,0.03314757347011374,1.0173069173935124e-06,167131827.6575678,1321.3286747115883,0.07442314830207578
90,1099.860600403321,0.00993671875,0.8526318332238696,0.018162627734939013,0.022830097601314544,0.14402142198732065,1.8616579783290187e-06,0.034174310069292044,1.1945217483833142e-06,192483079.53361398,1323.3752044705288,0.07549845732079156
91,1117.3571786376112,0.0099421875,0.8672540697322184,0.016711243215223406,0.023379483690602713,0.14230902729067388,1.919984455175621e-06,0.03522224371969728,1.4036098561505167e-06,221993935.26594377,1325.257333895094,0.07657913005621986
92,1134.9607296076592,0.009947656249999999,0.8820047784151084,0.015261911753905648,0.023934630037234898,0.14057944749899196,1.9791206336167412e-06,0.03629135096083285,1.6500012085395803e-06,256222705.03081378,1326.980496202352,0.07766433017207908
93,1152.6580325991947,0.009953125,0.8968703083457624,0.013825062561261115,0.024494938788074527,0.13883303942763023,2.0390835474770805e-06,0.037381549584615786,1.9397694699707355e-06,295777157.3788443,1328.552219974629,0.07875313062623696
94,1170.434265561746,0.00995859375,0.9118348931120188,0.012412020523601693,0.025059691494943775,0.13707023846110597,2.0998992885501047e-06,0.03849269199188757,2.27961456860371e-06,341310002.8240693,1329.9821284386016,0.07984450542078145
95,1188.2728354931462,0.009964062499999999,0.9268805148697085,0.011034790661546907,0.02562803435125312,0.13529158143316605,2.1616042431763557e-06,0.039624559030923455,2.676816709290457e-06,393509382.05186164,1331.2818497217322,0.08093732157089283
96,1206.1552035560424,0.00996953125,0.9419868029158229,0.009705757277533705,0.02619896337816817,0.1334977339916511,2.22424634969766e-06,0.04077685463087062,3.1391574912628928e-06,453084571.5671964,1332.4648225290027,0.08203033164012935
97,1224.0607096422282,0.009975,0.9571309765634873,0.008437297434324512,0.02677131002080414,0.13168952184931393,2.2878862994591504e-06,0.04194920154451479,3.6748045909705463e-06,520743814.5906056,1333.5459863994256,0.08312216723824062
98,1241.9664030979168,0.009980468749999999,0.9722878413681822,0.007241317018177615,0.02734372772712157,0.12986796500583675,2.3525985849363078e-06,0.043141138483173816,4.292157954042241e-06,597162492.2946999,1334.5413533264457,0.08421133393093433
99,1259.846889141106,0.0099859375,0.9874298462729559,0.006128728355355287,0.027914680203063667,0.1280343136035676,2.4184722833487207e-06,0.044352118850484984,4.999657817231853e-06,682937070.2781942,1335.4674682369723,0.08529620808133662
100,1277.6742042940782,0.00999140625,1.002527207305536,0.005108900310351613,0.028482432151840438,0.12619008354171335,2.485611454492224e-06,0.0455815111540276,5.805558038644448e-06,778522789.6899008,1336.3407792833195,0.08637503623884213
101,1295.4177387154832,0.009996874999999999,1.0175481010918268,0.004189123473988627,0.029045043390264563,0.12433708938050464,2.5541350290306263e-06,0.04682860099447114,6.7176716942581436e-06,884152517.6932075,1337.1769540366397,0.08744593780425543
102,1313.0442281154642,0.01000234375,1.032458928865331,0.003374142273471792,0.029600367266616037,0.12247747154433919,2.6241760696250706e-06,0.0480925943144238,7.743099018734544e-06,999739565.3380738,1337.990192557069,0.08850691181067562
103,1330.5178418625528,0.0100078125,1.0472246491541162,0.0026658099842118014,0.030146054267041606,0.1206137145453885,2.6958803033567e-06,0.04937262136311368,8.887949883717679e-06,1124770780.5184278,1338.792600123628,0.08955584872547469
104,1347.8003953669754,0.010013281249999999,1.0618091748215301,0.00206291911322911,0.030679561591973395,0.1187486530534468,2.7694038510108918e-06,0.05066774064622033,1.0157073729643164e-05,1258204594.7146864,1339.5936877006131,0.09059054814448644
105,1364.8517119518367,0.01001875,1.076175828006763,0.0015612466428223213,0.031198169329796785,0.11688546323246565,2.8449101174284054e-06,0.051976942042286194,1.1553809234869154e-05,1398393398.7511287,1340.4000636083492,0.09160874305032807
106,1381.6301507026194,0.01002421875,1.0902878442223183,0.001153831006563288,0.03169900368245682,0.11502763784585374,2.9225658569405555e-06,0.053299148337388406,1.3079764491876769e-05,1543054289.7343059,1341.2153631711383,0.09260813089914396
107,1398.0933016079516,0.010029687499999999,1.1041089148793766,0.000831467620860753,0.03217906753332365,0.11317894508135218,3.002536486937113e-06,0.054633214694125576,1.473463685111246e-05,1689308567.474717,1342.0404343231662,0.09358641117370278
108,1414.1988290358513,0.01003515625,1.1176037550696636,0.0005833771343595287,0.032635278497817236,0.11134337263014969,3.084980786929227e-06,0.05597792602072445,1.6516080670218826e-05,1833801564.1974568,1342.8737617423355,0.09454132826213402
109,1429.9054223725138,0.010040625,1.1307386813790836,0.00039797207951198024,0.033064514437446124,0.10952505998540082,3.170045183820614e-06,0.05733199277177901,1.8419631336226297e-05,1972897009.9877515,1343.7120706072335,0.09547071771282581
110,1445.1737936649386,0.010046093749999999,1.143482182286974,0.00026363051074271797,0.0334636661941492,0.10772822291763418,3.2578578783970764e-06,0.058694046268640485,2.043869470880168e-05,2102921875.7208195,1344.5510256201399,0.09637255327253746
111,1459.9676513110514,0.0100515625,1.1558054627257397,0.00016938478765086068,0.0338296969515795,0.10595707445553607,3.348523104779608e-06,0.06006263502345042,2.2564611393820167e-05,2220422215.2136073,1345.3859237452302,0.09724499180314465
112,1474.2545801362642,0.010057031249999999,1.167682944107017,0.00010545115699583253,0.03415970711343189,0.10421574642383104,3.4421158270437725e-06,0.061436223658956,2.4786803489614398e-05,2322386759.5003147,1346.2122877413485,0.09808641332179814
113,1488.0067714320624,0.010062499999999999,1.1790927028001312,6.355736623127328e-05,0.034451002921716226,0.10250821481927597,3.5386771624897134e-06,0.06281319578346566,2.7093006597101845e-05,2406403892.498307,1347.0262942315694,0.09889545398202043
114,1501.2015685604101,0.01006796875,1.190016832424402,3.706313862873274e-05,0.03470116630563664,0.10083823132085173,3.6382107814737546e-06,0.06419186165533432,2.946958202392214e-05,2470737455.33503,1347.8250085070838,0.09967103068225142
115,1513.821817916347,0.010073437499999999,1.2004417189315042,2.090232235129624e-05,0.03490812279506556,0.09920926232822147,3.7406804757477523e-06,0.06557047078963774,3.19018946741655e-05,2514328871.1651335,1348.6064385314419,0.10041235689470523
116,1525.856035510432,0.010078906249999998,1.21035822063778,1.139803145135714e-05,0.0350702039054626,0.09762443631355208,3.846009019604907e-06,0.06694722899380087,3.4374733407558744e-05,2536749281.255845,1349.3694496614512,0.10111895005362664
117,1537.2984115559796,0.010084375,1.2197617487551233,6.009624129055762e-06,0.0351862003231831,0.09608650000480681,3.95407837852412e-06,0.06832031881331152,3.6872744967604297e-05,2538130108.083186,1350.1135961958623,0.10179063126881432
118,1548.1486790496742,0.010089843749999999,1.2286522464620933,3.0643279897971955e-06,0.035255402539591876,0.09459778389936892,4.064731253603205e-06,0.06968792209572121,3.938085130862116e-05,2519094448.5688286,1350.8389240318954,0.10242751826257085
119,1558.4118692964976,0.010095312499999998,1.237034067390668,1.5116999239894523e-06,0.03527762626983151,0.09316017766108531,4.177773888929459e-06,0.07104824333408549,4.188462336980718e-05,2480699735.4776177,1351.5457856840526,0.10303001234054544
120,1568.0979719108718,0.01010078125,1.2449157569287133,7.219152940511731e-07,0.03525322095478604,0.09177511592139459,4.292980013640988e-06,0.0723995325656473,4.437059096797324e-05,2424390573.4762044,1352.2346915322357,0.10359878006761913
121,1577.2215120047315,0.010106249999999999,1.2523097430940022,3.3397346013692745e-07,0.035183060760089875,0.09044357479814358,4.410095741285481e-06,0.07374010680235665,4.682647681980784e-05,2351953756.306155,1352.9062051796943,0.1041347302228085
122,1585.8010553585286,0.010111718749999998,1.2592319470004214,1.4980079634189154e-07,0.03506851862446403,0.0891660790689136,4.528845207937702e-06,0.07506836919326391,4.924135108326737e-05,2265466443.2232385,1353.560879643136,0.10463898663063045
123,1593.8586531924493,0.0101171875,1.2657013266520112,6.52093839681102e-08,0.03491142495873202,0.08794271945626134,4.6489367002199704e-06,0.07638282533320942,5.160570997744701e-05,2167231699.368999,1354.1992254255968,0.10511285758248275
124,1601.4192410381916,0.010122656249999999,1.2717393707551796,2.7577342191079277e-08,0.0347140134659145,0.08677317899587463,4.770069008183655e-06,0.07768209632861547,5.3911487330405664e-05,2059700637.2554471,1354.8217002568445,0.10555780273879385
125,1608.5100094312334,0.010128124999999998,1.2773695616906378,1.1342751091480729e-08,0.034478857180295856,0.08565676704710438,4.891937738137546e-06,0.07896492841234674,5.615201114995908e-05,1945384917.5948002,1355.4287116144953,0.1059753985640127
126,1615.1597666691487,0.01013359375,1.2826168277336765,4.542557984949087e-09,0.03420879817494738,0.08459245922174838,5.0142413374428505e-06,0.08023019906939674,5.832191869475954e-05,1826766221.688796,1356.020625490985,0.10636730345402876
127,1621.3983147241186,0.010139062499999999,1.287507004471069,1.7733615560011602e-09,0.03390687445919223,0.0835789413709302,5.136686615431409e-06,0.08147691979250564,6.041704340399646e-05,1706210167.2145698,1356.597777185737,0.10673522372962709
128,1627.2558584743763,0.010144531249999998,1.2920663236253644,6.756242699548744e-10,0.033576247401181564,0.0826146557746078,5.258993588466512e-06,0.08270423572493989,6.243428584458382e-05,1585891409.8480663,1357.1604817235216,0.10708088159290552
129,1632.7624657649694,0.01015,1.2963209448396142,2.5148167508069246e-10,0.03322013261147156,0.08169784780036272,5.38089952824487e-06,0.08391142255920822,6.437147895997515e-05,1467734921.3617933,1357.7090427232367,0.10740598598122122
130,1637.9475919634833,0.01015546875,1.300296542297563,9.154128538993191e-11,0.03284173666988921,0.08082661150863747,5.5021621459015215e-06,0.08509788113817927,6.622725570287057e-05,1353376302.8452883,1358.2437592802,0.10771220703402476
131,1642.839678078071,0.0101609375,1.3040179541002288,3.258391454694178e-11,0.032444201434086814,0.07999893295049491,5.622561895861945e-06,0.08626313024636158,6.800092487379097e-05,1244142025.957943,1358.764930816524,0.10800115463420296
132,1647.4658266993324,0.01016640625,1.3075088981133949,1.1242350749417936e-11,0.0320305569881596,0.07921273020918551,5.741903429287393e-06,0.08740679808414029,6.969235883090865e-05,1141049443.3924987,1359.272860031973,0.1082743612242929
133,1651.8515551945904,0.010171875,1.3107917540071747,3.4263519383230315e-12,0.03160368358996373,0.07846588957728874,5.860016265215745e-06,0.08852861289088003,7.130189465352305e-05,1044828517.0603381,1359.767854141339,0.10853326883499709
134,1659.9744922948491,0.0101828125,1.3167975881943323,4.864821419154431e-13,0.030719454699396864,0.07708551754112578,6.091841689148011e-06,0.09070353141239175,7.427414874103846e-05,875846273.6385658,1360.7205020878805,0.10901225986801208
135,1667.403191811596,0.01019375,1.3222066553867267,6.581115350449778e-14,0.029812375441515503,0.07583618730140998,6.317384367083304e-06,0.09279107667232353,7.69317348946852e-05,736043012.0216793,1361.6250768477285,0.10944918301009782
136,1674.2730326549402,0.0102046875,1.3271390965336547,8.520971939595574e-15,0.02889799435074852,0.07470258213208344,6.5361200723201886e-06,0.09479171499179051,7.928667506365242e-05,623454459.6248823,1362.4844533253288,0.10985172423272613
137,1680.6922027427536,0.010215624999999999,1.3316915276961858,1.0599623085484598e-15,0.027988628023904477,0.07367073107638601,6.747808322025205e-06,0.09670665702490568,8.135318395434093e-05,534691200.4846801,1363.301464139277,0.1102260593275177
138,1686.745173076184,0.0102265625,1.33593989404439,1.2708584315846163e-16,0.027093677492134084,0.07272817252832486,6.952431193630906e-06,0.09853764995967106,8.314691572688419e-05,465798663.7259914,1364.078870919109,0.11057704918022163
139,1692.4966960409365,0.0102375,1.3399428185734064,1.4725978480488754e-17,0.026220050323036415,0.07186397344032511,7.15013518405386e-06,0.1002868154850846,8.468443147223867e-05,412861272.44341356,1364.8193355620147,0.11090846171894073
140,1697.9957372085398,0.0102484375,1.3437449346845363,1.6528932125655336e-18,0.025372607870319048,0.07106865366254464,7.3411804059233465e-06,0.10195652790216884,8.598278989863278e-05,372352560.2766364,1365.5253971179422,0.11122318886397371
141,1703.2790010551125,0.010259375000000001,1.3473799039845273,1.800583455985953e-19,0.024554586999238074,0.07033405600424658,7.52589889032089e-06,0.10354932462955828,8.705920897654518e-05,341290074.9924602,1366.1994556158231,0.11152344042181093
142,1708.3739034416576,0.0102703125,1.3508729843317488,1.902451994971226e-20,0.023767970082002092,0.06965319196430753,7.70466204438718e-06,0.10506784136209787,8.793077729079136e-05,317261806.82138014,1366.843762258913,0.11181090724792847
143,1713.3009697959321,0.01028125,1.3542431216088717,1.4960502656422743e-21,0.023013794117600572,0.06902008331265216,7.87785631897915e-06,0.10651476521612471,8.861421030405113e-05,298381060.9558152,1367.4604146862848,0.11208689277085135
144,1722.6993462933904,0.010303125,1.3606600650391545,4.613521918268105e-23,0.021605648038766242,0.06788321827881413,8.208246703224135e-06,0.10919832133657305,8.946462649390212e-05,271869324.3098376,1368.616871835556,0.11260752502517656
145,1731.577824324281,0.010325,1.3667204987978516,1.350020273210156e-24,0.020322802927200356,0.06688233334780863,8.521121771074923e-06,0.11163364678405278,8.974917664525266e-05,252985208.31208828,1369.6852526827035,0.11309248413233114
146,1739.9868342887482,0.010346875000000002,1.3724680722107248,3.762637348535121e-26,0.019158052827777976,0.06599389592633371,8.818942241594133e-06,0.11384136567356025,8.957225743494198e-05,238095816.0363856,1370.6769937596061,0.11354560290835503
147,1747.9621856179162,0.010368750000000001,1.3779316198799498,7.4071936563759124e-28,0.018102536532628038,0.06519988984301862,9.10375851436792e-06,0.11584119993053155,8.902321875931476e-05,225344723.00270602,1371.6016865156794,0.1139697827629565
148,1762.7017807763027,0.010412500000000002,1.3880776860204085,5.488808714847294e-30,0.01629450764439434,0.0638552246047943,9.638336306435674e-06,0.11926658372726327,8.704022387404271e-05,203553565.9670179,1373.2756088128704,0.1147387977095064
149,1776.0491117975482,0.01045625,1.397317564491797,3.7670478507086903e-32,0.01480284204890273,0.06274514800339466,1.0138079554165744e-05,0.12209459265431018,8.43206524086488e-05,184257540.04676977,1374.7650655840564,0.11541937853457133
150,1788.156202895477,0.0105,1.4057441495355987,1.8462667827650701e-34,0.013567083004071508,0.06181753435884652,1.0608803678586545e-05,0.12443540686305563,8.116617657832914e-05,166913682.92760035,1376.1038419554898,0.11602377927578997
151,1809.0689457724645,0.0105875,1.4204188175604133,3.3952775547979174e-37,0.011716045784463136,0.06039911273338866,1.147272573686615e-05,0.12792348041833637,7.419563958613533e-05,137636233.4639131,1378.4103188668932,0.11703656132049241
152,1826.674941020665,0.010675,1.4328450891213735,5.633670886884684e-40,0.01037016676204799,0.05934497499954207,1.2259426608167543e-05,0.13043467305892767,6.720348401671958e-05,114246281.10240702,1380.3562629826026,0.1178620070373923
153,1841.6524668116717,0.010762500000000001,1.4434524232670167,8.55651167948255e-43,0.009355890022437571,0.05854088414299524,1.2980896132894044e-05,0.13229794773317194,6.060612786089504e-05,95695525.06799778,1382.0223495028856,0.11854574351572804
154,1854.5229941382606,0.010850000000000002,1.4525818423224615,1.2032419356100054e-45,0.008562883091901388,0.057911611652871654,1.3646598262073119e-05,0.13372748450138197,5.4581209529615424e-05,80983372.08235896,1383.4637724123104,0.11912087982325376
155,1865.6851499203692,0.010937500000000003,1.460501235963461,1.581088867554771e-48,0.007921086590487885,0.057406766079551176,1.4264327898375394e-05,0.1348619330491257,4.918018011029612e-05,69250240.03872392,1384.7204085861133,0.11961140535131784
156,1875.4438045225852,0.011025000000000002,1.4674198578672537,1.9563172293768543e-51,0.007385689784004245,0.056992294184189336,1.484048615529974e-05,0.1357911292205975,4.438938056937407e-05,59808152.70156013,1385.8223353040241,0.12003476026046654
157,1884.0330581629316,0.0111125,1.4735009009094435,2.2973993669902837e-54,0.006927662835209802,0.05664503234690854,1.538024903885152e-05,0.13657360519364584,4.016401798780211e-05,52129392.43601371,1386.7929163218228,0.12040370755815293
158,1891.6334411189807,0.011200000000000002,1.4788716080149682,2.1873417006629327e-57,0.0065278993923504666,0.056349108925723125,1.5887731525630163e-05,0.13724782761767135,3.644662751052854e-05,45835521.67740032,1387.650564876704,0.12072765215709802
159,1904.2883496468266,0.011375000000000001,1.4877846000930068,1.5377280019834655e-60,0.005865775268034122,0.05587790280569208,1.681420159940863e-05,0.13834650645532412,3.0350491337966816e-05,36264776.236387454,1389.0719827660184,0.12126190867915479
160,1914.6212453953033,0.011550000000000001,1.4950311793482267,7.317846352355527e-63,0.005316670541034122,0.05550453048612593,1.7653579052032576e-05,0.13924886695962907,2.5574095354759278e-05,29347928.5414807,1390.222945678558,0.12169573137679739
161,1929.865155258157,0.0119,1.50565012912756,2.1175150248717325e-65,0.004473931717951888,0.05496811928056755,1.910645382044823e-05,0.1406195522846027,1.893630997698103e-05,20378673.166763704,1391.8952765703814,0.1223316181191811
162,1941.1062287283169,0.01225,1.5134354714163336,1.8884611797523512e-68,0.003825922056736363,0.05457951436146282,2.0362476104710157e-05,0.14166986771995196,1.450393314464248e-05,14808600.997867782,1393.111841740528,0.12280103473397934
163,1949.6451801534888,0.0126,1.5193194170628115,9.008397419104317e-72,0.003316409750152293,0.05428968594956523,2.146040871685028e-05,0.1424938953533537,1.1422676531691676e-05,11150173.013381675,1394.0247992464383,0.12315789361135515
164,1960.9236290317729,0.0133,1.5270360142867598,1.0672766487812225e-75,0.0026131277604180166,0.053917713836981636,2.3254369204680003e-05,0.1436246962140048,7.745648040365528e-06,7000118.614129624,1395.2086458039694,0.12362821812559133
165,1968.58349986243,0.014,1.5322551706160037,5.947804319464133e-80,0.0021243525070058474,0.05367515826116612,2.4733781336106534e-05,0.14440928936580005,5.57509344929411e-06,4697646.327145207,1396.0036813975328,0.12394916374529726
166,1974.0304771244284,0.014700000000000001,1.5359555447954312,-4.337139652948261e-84,0.0017729123521401787,0.053510534587522134,2.598166962119001e-05,0.14497261973096986,4.204945250924911e-06,3309545.160929265,1396.5640428723482,0.12417811693146563
167,1978.0361836391162,0.0154,1.5386701785175194,-1.3728459481787422e-87,0.0015130628514551385,0.053395416402036794,2.7053617513941697e-05,0.145388590827473,3.2947919628783643e-06,2421975.9290314796,1396.9729401369718,0.12434679346786259
168,1983.0268273362287,0.0168,1.5420389231493838,-1.2359031573279444e-91,0.001186541850881371,0.053261797139289455,2.877369336464808e-05,0.14590894767256973,2.2772418987976142e-06,1462164.9396640542,1397.475721834015,0.12455658164593711
169,1986.2551838794413,0.0182,1.5442150908308387,-7.313460021114108e-96,0.0009767861375075942,0.05318232809114173,3.020452992442638e-05,0.14624289267266669,1.7033919040776606e-06,940560.1870295173,1397.7989995558494,0.12469273943348662
170,1988.4323646465352,0.0196,1.5456814741766147,-3.416110978773138e-100,0.0008367423081841715,0.05313280575585453,3.144212955884001e-05,0.14646568192075862,1.3561353676237187e-06,631691.9515267638,1398.0160498783878,0.12478474864964856
171,1989.9442678250189,0.021,1.5466993708487455,-1.4047516267237012e-104,0.000740504602361989,0.05310071028830834,3.2545694475395804e-05,0.14661871679884195,1.1349330362672341e-06,437420.6140733542,1398.1663485358706,0.12484874413195157
172,1991.0149831888966,0.022400000000000003,1.547420457570663,-4.986864254072686e-109,0.0006731498745065859,0.053079237868081934,3.354739358344133e-05,0.14672587661639708,9.889780091250432e-07,310113.89819310955,1398.2727572674767,0.12489416669228529
173,1992.2053957272728,0.0252,1.5482252419635065,-8.494375677893372e-114,0.0006004628759963748,0.053056356679207356,3.520174063998307e-05,0.14684225862013953,8.401935006523827e-07,180157.09155814847,1398.3922922166446,0.12494511530810828
174,1992.2053957272728,0.028,1.548225242025734,-8.494375677893325e-114,0.0006004628759963748,0.053056356679207356,3.520174063998307e-05,0.14684225862013953,8.401935006523827e-07,180157.091528377,1398.3922922645495,0.12494511530756161
